Source,Target,Type
12,491195,Directed
903,130507,Directed
903,265167,Directed
903,517600,Directed
903,584320,Directed
903,653518,Directed
903,673140,Directed
3344,139663,Directed
4668,58981,Directed
4668,62322,Directed
4668,125695,Directed
4668,203378,Directed
4668,604283,Directed
4668,676461,Directed
4668,765295,Directed
8268,832068,Directed
12637,81293,Directed
12637,245747,Directed
16336,150532,Directed
16336,283876,Directed
16505,143022,Directed
16604,123279,Directed
16604,169357,Directed
17491,257490,Directed
18490,93677,Directed
18490,447372,Directed
18490,892129,Directed
19647,768431,Directed
20620,112993,Directed
20620,160059,Directed
20620,175095,Directed
20620,293406,Directed
20620,330419,Directed
20620,371322,Directed
20620,563725,Directed
20620,637827,Directed
20620,655211,Directed
20620,689617,Directed
20620,821216,Directed
22168,872796,Directed
27453,138755,Directed
27453,668974,Directed
31247,145820,Directed
31247,421466,Directed
31247,725968,Directed
32910,45980,Directed
32910,75122,Directed
32910,464007,Directed
32910,680186,Directed
32910,836203,Directed
33428,50539,Directed
33428,173104,Directed
33428,198307,Directed
33428,251169,Directed
33428,330419,Directed
33428,389279,Directed
33428,395522,Directed
33428,466896,Directed
33428,564206,Directed
33428,651412,Directed
33428,689617,Directed
33428,754759,Directed
34143,34831,Directed
34143,269905,Directed
34143,473193,Directed
34143,713786,Directed
34143,733170,Directed
34143,886143,Directed
34831,485995,Directed
34831,862591,Directed
36606,83588,Directed
36606,371166,Directed
36606,406500,Directed
36606,430832,Directed
36606,912619,Directed
38308,330419,Directed
38308,339616,Directed
38308,561887,Directed
38308,652747,Directed
38308,653288,Directed
38308,760664,Directed
39510,145820,Directed
39510,245747,Directed
41039,566348,Directed
41846,22168,Directed
43242,152076,Directed
43242,263107,Directed
43242,330419,Directed
43242,570165,Directed
43242,760664,Directed
43242,960245,Directed
45670,903,Directed
45670,16336,Directed
45670,76099,Directed
45670,130507,Directed
45670,314687,Directed
45670,680817,Directed
45670,823708,Directed
45670,854647,Directed
45980,75122,Directed
45980,464007,Directed
46040,675871,Directed
46253,118479,Directed
46253,129665,Directed
46253,328310,Directed
46253,653898,Directed
46253,680186,Directed
47597,32910,Directed
47597,464007,Directed
50277,62322,Directed
50277,383225,Directed
50277,561887,Directed
50277,676461,Directed
50539,117249,Directed
50539,367659,Directed
50539,371166,Directed
50539,433532,Directed
50539,466896,Directed
50539,642729,Directed
50539,652747,Directed
50539,662404,Directed
50539,723355,Directed
50539,817255,Directed
50539,957301,Directed
50539,960245,Directed
51118,193873,Directed
51118,240834,Directed
51118,426567,Directed
51118,466896,Directed
51118,469958,Directed
51118,495162,Directed
51118,507966,Directed
51118,602762,Directed
51118,651766,Directed
51118,652747,Directed
51118,663942,Directed
51118,760416,Directed
51118,783480,Directed
51118,792942,Directed
58981,256009,Directed
58981,619925,Directed
58981,893040,Directed
58981,908732,Directed
61278,421466,Directed
61278,429223,Directed
61899,450087,Directed
62322,203378,Directed
62322,256009,Directed
62322,893040,Directed
62322,908732,Directed
62322,961542,Directed
66345,125695,Directed
66345,234571,Directed
66345,331182,Directed
66345,601449,Directed
66345,652747,Directed
66345,698186,Directed
66345,719970,Directed
66345,823708,Directed
66345,953434,Directed
66345,960245,Directed
66345,966109,Directed
68817,32910,Directed
68817,38796,Directed
68817,154886,Directed
68817,464007,Directed
69041,39510,Directed
69041,81293,Directed
69041,145820,Directed
69299,773389,Directed
69334,417947,Directed
69334,665457,Directed
69334,788633,Directed
73141,38796,Directed
73141,45980,Directed
76099,3428,Directed
76099,507664,Directed
76099,584320,Directed
76138,139663,Directed
76138,272006,Directed
76878,84021,Directed
76878,980821,Directed
78175,29043,Directed
78175,152076,Directed
78175,206285,Directed
78175,460550,Directed
78175,509826,Directed
78175,652747,Directed
78175,695630,Directed
80094,406500,Directed
80094,412083,Directed
80094,430832,Directed
80094,917164,Directed
80140,38308,Directed
80140,175261,Directed
80140,193873,Directed
80140,330419,Directed
80140,367748,Directed
80140,389279,Directed
80140,466896,Directed
80140,474064,Directed
80140,642729,Directed
80140,651766,Directed
80140,698186,Directed
80140,760416,Directed
80629,36606,Directed
80629,313669,Directed
80772,188152,Directed
80889,81293,Directed
80889,809643,Directed
81245,138755,Directed
81293,402486,Directed
82196,312310,Directed
83588,861535,Directed
84021,81293,Directed
86293,705558,Directed
90301,217837,Directed
90301,234571,Directed
90301,953434,Directed
90599,801274,Directed
93677,21956,Directed
93677,38308,Directed
93677,46040,Directed
93677,80140,Directed
93677,160059,Directed
93677,175095,Directed
93677,251169,Directed
93677,284560,Directed
93677,330419,Directed
93677,339616,Directed
93677,433311,Directed
93677,563725,Directed
93677,568077,Directed
93677,622820,Directed
93677,655211,Directed
93677,675871,Directed
93677,698186,Directed
93677,734241,Directed
93677,760416,Directed
93677,769932,Directed
93677,783480,Directed
93677,881626,Directed
93677,956944,Directed
94059,754759,Directed
94059,852710,Directed
99906,80140,Directed
99906,284560,Directed
99906,466896,Directed
104195,154886,Directed
104195,464007,Directed
104195,576531,Directed
105933,33428,Directed
105933,78162,Directed
105933,86293,Directed
105933,133129,Directed
105933,188152,Directed
105933,466896,Directed
105933,590169,Directed
105933,622820,Directed
105933,647762,Directed
105933,655211,Directed
105933,754759,Directed
105933,756573,Directed
107392,371327,Directed
107392,406500,Directed
107392,412083,Directed
107392,430832,Directed
107392,485511,Directed
107392,493107,Directed
107392,723355,Directed
107392,861535,Directed
107392,880450,Directed
107392,897156,Directed
108058,188429,Directed
108058,315940,Directed
108058,371166,Directed
108058,454323,Directed
108058,570165,Directed
108058,658402,Directed
108597,561887,Directed
108597,719970,Directed
109181,64768,Directed
109181,227692,Directed
109181,775288,Directed
109245,245747,Directed
109245,906384,Directed
111872,887899,Directed
112993,263107,Directed
112993,330419,Directed
112993,622820,Directed
112993,651766,Directed
112993,655211,Directed
112993,675871,Directed
112993,714875,Directed
112993,756573,Directed
115432,561887,Directed
115432,652747,Directed
115432,662404,Directed
115432,663942,Directed
115699,108058,Directed
115699,152076,Directed
115699,217818,Directed
115699,460550,Directed
115699,469668,Directed
115699,658402,Directed
115699,698186,Directed
115699,789840,Directed
115699,809936,Directed
118479,768431,Directed
118479,836203,Directed
118533,173104,Directed
118533,251169,Directed
118533,284560,Directed
118533,339616,Directed
118533,466896,Directed
118533,586259,Directed
118533,675871,Directed
118533,769932,Directed
118533,772920,Directed
121189,251169,Directed
121189,269137,Directed
121189,955142,Directed
122489,506342,Directed
122489,736987,Directed
123279,861061,Directed
125695,561887,Directed
125695,827256,Directed
125883,604011,Directed
127348,421466,Directed
128386,875536,Directed
128386,906384,Directed
129665,75122,Directed
137759,365355,Directed
137759,691771,Directed
138484,164407,Directed
138484,697359,Directed
138755,258304,Directed
138755,475002,Directed
138755,543284,Directed
138755,773389,Directed
147677,133129,Directed
147677,358453,Directed
148633,978737,Directed
149528,213254,Directed
159664,138755,Directed
159664,258304,Directed
159664,775288,Directed
160059,21956,Directed
160059,33428,Directed
160059,460278,Directed
160059,563725,Directed
160059,655211,Directed
162847,130507,Directed
162847,818621,Directed
164407,226930,Directed
164407,937271,Directed
166624,51118,Directed
166624,108597,Directed
166624,234063,Directed
166624,240834,Directed
166624,426567,Directed
166624,434441,Directed
166624,446349,Directed
166624,648523,Directed
166624,713786,Directed
166624,733170,Directed
166624,886143,Directed
166624,956944,Directed
169357,411493,Directed
169357,906384,Directed
170810,27453,Directed
172462,188152,Directed
172462,837286,Directed
173104,78175,Directed
173104,466896,Directed
173104,760664,Directed
175051,292704,Directed
175095,160059,Directed
175095,263107,Directed
175095,371322,Directed
175095,415022,Directed
175095,509826,Directed
175095,622820,Directed
175095,651412,Directed
175095,655211,Directed
175095,689617,Directed
175095,794416,Directed
175261,234571,Directed
175261,313669,Directed
175261,330419,Directed
175261,352724,Directed
175261,371166,Directed
175261,623730,Directed
175261,652747,Directed
175261,847044,Directed
175261,953434,Directed
179098,382592,Directed
179098,739879,Directed
181552,810489,Directed
183403,109181,Directed
183403,180642,Directed
183403,292704,Directed
183403,332552,Directed
183403,736785,Directed
184184,12,Directed
185046,837286,Directed
185046,861535,Directed
185046,912619,Directed
188429,433532,Directed
188429,665457,Directed
188429,762563,Directed
188429,809936,Directed
193873,397503,Directed
193873,653288,Directed
196135,427413,Directed
197799,107392,Directed
197799,200148,Directed
197799,809936,Directed
197799,880450,Directed
198307,78175,Directed
198307,653288,Directed
198307,794425,Directed
199391,31247,Directed
199391,90599,Directed
199391,164407,Directed
199391,272006,Directed
199391,421466,Directed
199693,330419,Directed
199693,698186,Directed
201084,36606,Directed
201084,172462,Directed
201084,509826,Directed
201084,624049,Directed
201084,642729,Directed
201084,662404,Directed
201084,777783,Directed
203378,58981,Directed
203378,256009,Directed
203378,331182,Directed
203378,561887,Directed
203378,688410,Directed
203378,893040,Directed
205111,711275,Directed
205732,263107,Directed
205732,393065,Directed
206285,78175,Directed
206285,480597,Directed
206285,662404,Directed
209836,159664,Directed
209836,635489,Directed
213254,21956,Directed
213254,46040,Directed
213254,80140,Directed
213254,118533,Directed
213254,160059,Directed
213254,175095,Directed
213254,339616,Directed
213254,367748,Directed
213254,395522,Directed
213254,655211,Directed
213254,734241,Directed
213254,949596,Directed
217818,185046,Directed
217818,433532,Directed
217818,616279,Directed
217818,652747,Directed
217818,769932,Directed
217818,788633,Directed
217818,837286,Directed
217818,861535,Directed
217818,912619,Directed
218102,469958,Directed
221190,143022,Directed
226930,123279,Directed
226930,245747,Directed
226930,725968,Directed
227692,257049,Directed
227692,475002,Directed
229015,4668,Directed
229015,18490,Directed
229015,50277,Directed
229015,62322,Directed
229015,447372,Directed
229015,710651,Directed
229015,961542,Directed
230488,145820,Directed
230488,207226,Directed
230488,245747,Directed
230488,697359,Directed
230550,604283,Directed
230550,893040,Directed
230550,908732,Directed
231715,127348,Directed
231715,145820,Directed
231715,660924,Directed
231715,762293,Directed
234063,20620,Directed
234063,33428,Directed
234063,34831,Directed
234063,46040,Directed
234063,80094,Directed
234063,93677,Directed
234063,112993,Directed
234063,151670,Directed
234063,170470,Directed
234063,223922,Directed
234063,251169,Directed
234063,252546,Directed
234063,330419,Directed
234063,336475,Directed
234063,353233,Directed
234063,358453,Directed
234063,371166,Directed
234063,395522,Directed
234063,403869,Directed
234063,404597,Directed
234063,415022,Directed
234063,473193,Directed
234063,490739,Directed
234063,522972,Directed
234063,590169,Directed
234063,616554,Directed
234063,622820,Directed
234063,635536,Directed
234063,647762,Directed
234063,648523,Directed
234063,733170,Directed
234063,734241,Directed
234063,775392,Directed
234063,788633,Directed
234063,794416,Directed
234063,799121,Directed
234063,809936,Directed
234063,819295,Directed
234063,821216,Directed
234063,837286,Directed
234063,851051,Directed
234063,861535,Directed
234063,862591,Directed
234063,897156,Directed
234063,960644,Directed
234571,201084,Directed
234571,509826,Directed
234571,624049,Directed
234571,789840,Directed
235597,76878,Directed
235597,604011,Directed
237143,84743,Directed
240834,108597,Directed
240834,369001,Directed
240834,426567,Directed
240834,446349,Directed
240834,578075,Directed
240834,769932,Directed
240834,956944,Directed
243740,371166,Directed
243740,485511,Directed
243740,493107,Directed
243740,765295,Directed
243740,837286,Directed
243740,861535,Directed
243740,880450,Directed
243740,917164,Directed
251169,198307,Directed
251169,466896,Directed
251169,917287,Directed
252284,145820,Directed
252284,164580,Directed
252284,509561,Directed
252284,963714,Directed
252546,404597,Directed
252546,473193,Directed
252546,572230,Directed
252546,935380,Directed
254837,243740,Directed
254837,269905,Directed
254837,343585,Directed
254837,361524,Directed
254837,473193,Directed
254837,520293,Directed
254837,703443,Directed
254837,713786,Directed
254837,733170,Directed
254837,847044,Directed
254837,858073,Directed
254837,880450,Directed
254837,897156,Directed
254837,955142,Directed
255424,235283,Directed
256009,66345,Directed
256009,908732,Directed
256009,966109,Directed
257049,288739,Directed
257490,17491,Directed
258304,180642,Directed
258304,313048,Directed
258304,475002,Directed
258304,775288,Directed
258949,80772,Directed
258949,235334,Directed
260137,240834,Directed
262703,99906,Directed
262703,337782,Directed
262703,394026,Directed
263107,466896,Directed
263107,622820,Directed
263107,655211,Directed
263107,837286,Directed
263107,861535,Directed
264441,658402,Directed
265167,133079,Directed
265167,325382,Directed
265167,503187,Directed
265167,584320,Directed
265167,673140,Directed
265167,682577,Directed
269137,50277,Directed
269137,234063,Directed
269137,688410,Directed
269137,849711,Directed
269137,893040,Directed
269137,908732,Directed
269905,358453,Directed
269905,703443,Directed
269905,733170,Directed
269905,847044,Directed
269905,886143,Directed
270919,464007,Directed
277250,552577,Directed
278800,453466,Directed
283876,412584,Directed
284560,33428,Directed
284560,112993,Directed
284560,118533,Directed
284560,389279,Directed
284560,622820,Directed
284560,624049,Directed
284560,651766,Directed
284560,652747,Directed
284560,675871,Directed
284560,769932,Directed
284755,163529,Directed
285619,622212,Directed
285619,693228,Directed
292704,236896,Directed
292704,313048,Directed
293406,33428,Directed
293406,315940,Directed
293406,655211,Directed
293406,689617,Directed
294688,143022,Directed
294688,230550,Directed
294688,528997,Directed
294688,582085,Directed
294688,784533,Directed
294688,869541,Directed
296216,388677,Directed
296330,115432,Directed
296330,331182,Directed
296330,337782,Directed
296330,352724,Directed
296330,457515,Directed
296330,466896,Directed
296330,624049,Directed
296330,652747,Directed
296330,675871,Directed
296330,760664,Directed
296330,817255,Directed
296330,886143,Directed
299942,4231,Directed
299942,453466,Directed
299942,621083,Directed
299942,749126,Directed
301008,62322,Directed
301008,203378,Directed
301008,383225,Directed
301008,772801,Directed
311903,268885,Directed
312310,82196,Directed
313048,312310,Directed
313531,46253,Directed
313531,181552,Directed
313531,810489,Directed
313669,115432,Directed
313669,394026,Directed
313669,623730,Directed
314687,76099,Directed
314687,959484,Directed
323603,36606,Directed
323603,642729,Directed
323603,789840,Directed
324923,170810,Directed
324923,277250,Directed
324923,516216,Directed
324923,635489,Directed
324923,650196,Directed
324923,915341,Directed
325382,283876,Directed
328310,163,Directed
328310,818148,Directed
330419,108058,Directed
330419,151670,Directed
330419,339105,Directed
330419,570165,Directed
330419,769932,Directed
330419,861535,Directed
331182,827256,Directed
332552,313048,Directed
332552,952443,Directed
334615,390552,Directed
334615,504752,Directed
334615,957301,Directed
336475,80629,Directed
336475,105933,Directed
336475,157440,Directed
336475,205732,Directed
336475,252546,Directed
336475,262703,Directed
336475,490739,Directed
336475,628125,Directed
336475,635536,Directed
336475,824622,Directed
336475,860045,Directed
336545,154886,Directed
336545,598763,Directed
337782,125695,Directed
337782,352724,Directed
337782,367748,Directed
337782,394026,Directed
337782,561887,Directed
339027,4668,Directed
339027,682577,Directed
339105,152076,Directed
339105,217818,Directed
339105,234571,Directed
339105,695630,Directed
339105,953434,Directed
339616,173104,Directed
339616,330419,Directed
339616,466896,Directed
339616,760416,Directed
340899,68817,Directed
340899,519525,Directed
340899,686503,Directed
340899,687575,Directed
343585,336475,Directed
343585,361524,Directed
343585,490739,Directed
343585,616554,Directed
343585,733170,Directed
343585,798371,Directed
343585,851051,Directed
343585,862591,Directed
344930,36606,Directed
344930,152076,Directed
344930,201084,Directed
344930,217818,Directed
344930,234571,Directed
344930,330419,Directed
344930,509826,Directed
344930,561887,Directed
344930,662404,Directed
344930,698186,Directed
344930,953434,Directed
345466,367748,Directed
345466,473193,Directed
345466,850033,Directed
352724,344930,Directed
352724,783480,Directed
352724,817255,Directed
352724,917287,Directed
353233,33428,Directed
353233,112993,Directed
353233,263107,Directed
353233,466896,Directed
353233,622820,Directed
353233,794416,Directed
353813,870766,Directed
354373,832068,Directed
358453,285619,Directed
358453,330419,Directed
358453,394026,Directed
358453,663942,Directed
358453,675871,Directed
358453,772920,Directed
358453,827256,Directed
358453,855712,Directed
358453,861535,Directed
358453,956944,Directed
361524,205732,Directed
361524,450925,Directed
361524,628125,Directed
361524,711333,Directed
361524,935380,Directed
362095,44423,Directed
362652,469958,Directed
365355,691771,Directed
367659,504752,Directed
367659,593581,Directed
367748,466896,Directed
367748,663942,Directed
369001,93677,Directed
369001,358453,Directed
369001,367748,Directed
369001,434441,Directed
369001,589591,Directed
369001,602762,Directed
369001,607806,Directed
369001,675871,Directed
369001,792942,Directed
369001,827256,Directed
371166,765295,Directed
371166,809936,Directed
371166,837286,Directed
371322,43242,Directed
371322,94059,Directed
371322,263107,Directed
371322,293406,Directed
371322,460278,Directed
371322,637827,Directed
371322,675871,Directed
371322,756573,Directed
371322,783480,Directed
371327,80094,Directed
371327,243740,Directed
371327,371166,Directed
371327,412083,Directed
371327,485511,Directed
371327,493107,Directed
371327,809936,Directed
371327,864535,Directed
371327,880450,Directed
383151,12637,Directed
383151,81293,Directed
383151,252284,Directed
383225,619925,Directed
385014,421466,Directed
385014,604011,Directed
389279,78175,Directed
389279,330419,Directed
389279,466896,Directed
389279,570165,Directed
389279,653288,Directed
389279,760235,Directed
389279,960245,Directed
390552,957301,Directed
393065,223922,Directed
394026,173104,Directed
394026,198307,Directed
394026,217818,Directed
394026,367748,Directed
394026,695630,Directed
394026,698186,Directed
394410,903,Directed
394410,130507,Directed
394410,503187,Directed
394410,517600,Directed
394654,31247,Directed
394654,90599,Directed
394654,145820,Directed
394654,385014,Directed
394654,429223,Directed
394654,660924,Directed
394654,697359,Directed
397503,78175,Directed
397503,108058,Directed
397503,652747,Directed
402486,81293,Directed
402486,725968,Directed
403869,160059,Directed
403869,263107,Directed
403869,460278,Directed
404597,105933,Directed
404597,713786,Directed
404597,860045,Directed
404597,870270,Directed
406473,886143,Directed
406500,371166,Directed
409691,285619,Directed
409691,367659,Directed
409691,371166,Directed
409691,493107,Directed
409691,495162,Directed
409691,611070,Directed
409691,809936,Directed
411493,697359,Directed
412083,371166,Directed
412083,406500,Directed
412083,809936,Directed
415022,160059,Directed
415022,622820,Directed
415022,655211,Directed
418404,601449,Directed
421466,349918,Directed
421466,886147,Directed
426567,80140,Directed
426567,93677,Directed
426567,330419,Directed
426567,369001,Directed
426567,394026,Directed
426567,446349,Directed
430832,809936,Directed
431211,769240,Directed
433311,466896,Directed
433311,675871,Directed
433311,760664,Directed
433532,417947,Directed
434441,80140,Directed
434441,108597,Directed
434441,118533,Directed
434441,284560,Directed
434441,602762,Directed
434441,801366,Directed
446349,108597,Directed
446349,118533,Directed
446349,284560,Directed
446349,460278,Directed
446349,578075,Directed
446349,792942,Directed
447372,4668,Directed
447372,62322,Directed
447372,93677,Directed
447372,203378,Directed
447372,676461,Directed
447372,688410,Directed
447372,932160,Directed
447372,961542,Directed
450087,867084,Directed
453466,621083,Directed
453466,664889,Directed
453466,736386,Directed
457515,78175,Directed
457515,206285,Directed
457515,251169,Directed
457515,561887,Directed
457515,623730,Directed
457515,653288,Directed
457515,917287,Directed
460278,33428,Directed
460278,43242,Directed
460278,170470,Directed
460278,353233,Directed
460278,466896,Directed
460278,622820,Directed
460278,734241,Directed
460278,754759,Directed
460278,756573,Directed
460550,36606,Directed
460550,570165,Directed
460550,652747,Directed
464427,736987,Directed
464427,886890,Directed
466896,90301,Directed
466896,460550,Directed
466896,817255,Directed
469958,12,Directed
469958,199693,Directed
469958,426567,Directed
469958,507966,Directed
470309,766344,Directed
470650,607806,Directed
470650,827256,Directed
473193,21956,Directed
473193,33428,Directed
473193,112993,Directed
473193,147677,Directed
473193,175095,Directed
473193,353233,Directed
473193,358453,Directed
473193,369001,Directed
473193,393065,Directed
473193,394026,Directed
473193,395522,Directed
473193,426567,Directed
473193,460278,Directed
473193,589591,Directed
473193,622820,Directed
473193,637827,Directed
473193,647762,Directed
473193,663942,Directed
474064,83588,Directed
474064,188429,Directed
474064,234571,Directed
474064,323603,Directed
474064,334615,Directed
474064,371327,Directed
474064,406500,Directed
474064,417947,Directed
474064,460550,Directed
474064,642729,Directed
474064,662404,Directed
474064,691298,Directed
474064,695630,Directed
474064,769932,Directed
474064,809936,Directed
474064,817255,Directed
474064,837286,Directed
474064,917164,Directed
475514,517675,Directed
476815,552577,Directed
477291,739794,Directed
480597,217818,Directed
480597,323603,Directed
480597,371166,Directed
480597,433532,Directed
480597,460550,Directed
480597,662404,Directed
480597,691298,Directed
480597,809936,Directed
480597,880450,Directed
482485,68817,Directed
482485,75122,Directed
482485,129665,Directed
482485,687575,Directed
484938,108058,Directed
484938,769932,Directed
485511,880450,Directed
490739,105933,Directed
490739,147677,Directed
490739,404597,Directed
490739,572230,Directed
490739,711333,Directed
490739,713786,Directed
490739,935380,Directed
491195,390552,Directed
493107,593581,Directed
495162,665457,Directed
500322,437946,Directed
503187,903,Directed
503187,682577,Directed
503187,750650,Directed
507966,12,Directed
507966,589591,Directed
507966,602762,Directed
507966,605595,Directed
507966,664421,Directed
507966,792942,Directed
507966,956944,Directed
509561,697359,Directed
509561,773407,Directed
509561,886147,Directed
509561,906384,Directed
509561,941012,Directed
509826,570165,Directed
509826,679770,Directed
509826,769932,Directed
512959,46040,Directed
512959,394026,Directed
512959,695630,Directed
512959,886143,Directed
513397,778588,Directed
515379,82196,Directed
515379,294688,Directed
515379,578303,Directed
515379,582085,Directed
515379,650196,Directed
515379,710410,Directed
515379,744538,Directed
515379,762859,Directed
515379,784533,Directed
515379,924485,Directed
516216,711215,Directed
516390,237336,Directed
516390,912619,Directed
517600,507664,Directed
517600,584320,Directed
517600,750650,Directed
517675,166246,Directed
517978,107392,Directed
517978,857606,Directed
517993,285619,Directed
517993,693228,Directed
517993,788633,Directed
519525,163,Directed
519525,686503,Directed
519525,818358,Directed
520293,337782,Directed
520293,361524,Directed
520293,394026,Directed
520293,473193,Directed
520293,512959,Directed
520293,572230,Directed
520293,713786,Directed
520293,935380,Directed
522972,170470,Directed
522972,798371,Directed
523484,22168,Directed
523484,667449,Directed
523484,869931,Directed
528956,229015,Directed
528956,343585,Directed
528956,361524,Directed
528956,561887,Directed
528956,713786,Directed
528956,862591,Directed
530380,739879,Directed
530380,843699,Directed
533833,475514,Directed
534144,697359,Directed
535572,19647,Directed
535572,118479,Directed
535572,690608,Directed
540260,20620,Directed
540260,33428,Directed
540260,160059,Directed
540260,393065,Directed
540260,637827,Directed
540260,651412,Directed
540260,775392,Directed
540260,821216,Directed
540260,852710,Directed
542572,47597,Directed
542572,104195,Directed
542572,197939,Directed
542572,598763,Directed
542572,680186,Directed
542572,810489,Directed
543455,121620,Directed
543455,500322,Directed
545981,473193,Directed
545981,616554,Directed
551869,163,Directed
551869,32910,Directed
551869,75122,Directed
551869,270919,Directed
551869,653898,Directed
551869,836203,Directed
553625,145820,Directed
553625,383151,Directed
553625,886147,Directed
553625,942407,Directed
561366,313048,Directed
561366,332552,Directed
561887,78175,Directed
561887,152076,Directed
561887,206285,Directed
561887,698186,Directed
561887,769932,Directed
561887,953434,Directed
561887,960245,Directed
563187,61899,Directed
563187,802843,Directed
563725,21956,Directed
563725,94059,Directed
563725,112993,Directed
563725,188152,Directed
563725,353233,Directed
563725,637827,Directed
563725,655211,Directed
563725,675871,Directed
563725,756573,Directed
567379,235597,Directed
567379,252912,Directed
567379,385014,Directed
567379,421466,Directed
567379,663320,Directed
567379,697359,Directed
567379,766344,Directed
567379,884986,Directed
568077,460550,Directed
568077,466896,Directed
568077,601449,Directed
570165,172462,Directed
570165,188152,Directed
570165,658402,Directed
572230,118533,Directed
572230,213254,Directed
572230,223922,Directed
572230,240834,Directed
572230,262703,Directed
572230,473193,Directed
572230,754759,Directed
572230,956944,Directed
577224,78162,Directed
578075,108597,Directed
578075,756573,Directed
578075,956944,Directed
582085,64768,Directed
582085,81245,Directed
582085,138755,Directed
582085,183403,Directed
582085,353813,Directed
582085,543284,Directed
582085,552577,Directed
582085,710410,Directed
582085,802835,Directed
584320,682577,Directed
584320,750650,Directed
584320,782281,Directed
586259,466896,Directed
589242,69041,Directed
589242,164407,Directed
589591,602762,Directed
590169,205732,Directed
590169,570165,Directed
590169,647762,Directed
590169,956944,Directed
591230,84021,Directed
594288,148633,Directed
594288,216570,Directed
594288,235283,Directed
594288,283876,Directed
594288,513397,Directed
594288,854647,Directed
594288,857862,Directed
594288,978737,Directed
597737,230488,Directed
597737,252284,Directed
597737,604011,Directed
597737,886147,Directed
597737,979375,Directed
598009,556966,Directed
600594,243740,Directed
600594,809936,Directed
600594,864535,Directed
602762,46040,Directed
602762,339616,Directed
602762,367748,Directed
602762,563725,Directed
602762,734241,Directed
602762,794425,Directed
602762,956944,Directed
603524,964115,Directed
604283,507664,Directed
605595,152076,Directed
605595,206285,Directed
605595,339616,Directed
607806,78175,Directed
607806,206285,Directed
607806,217818,Directed
607806,570165,Directed
607806,652747,Directed
607806,653288,Directed
607806,695630,Directed
607806,698186,Directed
607806,769932,Directed
607806,772920,Directed
607806,827256,Directed
607806,953434,Directed
607806,960245,Directed
616279,367659,Directed
616279,664421,Directed
616554,33428,Directed
616554,80629,Directed
616554,147677,Directed
616554,157440,Directed
616554,252546,Directed
616554,262703,Directed
616554,269905,Directed
616554,361524,Directed
616554,394026,Directed
616554,450925,Directed
616554,473193,Directed
616554,490739,Directed
616554,520293,Directed
616554,572230,Directed
616554,635536,Directed
616554,754759,Directed
616554,824622,Directed
619925,125695,Directed
619925,427552,Directed
619925,725464,Directed
621083,538853,Directed
622212,46040,Directed
622212,284560,Directed
622212,367748,Directed
622212,371166,Directed
622212,623730,Directed
622212,675871,Directed
622820,173104,Directed
622820,188152,Directed
622820,393065,Directed
622820,655211,Directed
622820,675871,Directed
622820,689617,Directed
622820,754759,Directed
622820,756573,Directed
623730,206285,Directed
623730,251169,Directed
623730,339616,Directed
623730,466896,Directed
623730,561887,Directed
623730,653288,Directed
623730,698186,Directed
624049,188429,Directed
624049,371166,Directed
624049,679770,Directed
624049,861535,Directed
627599,169357,Directed
628125,469668,Directed
634803,290808,Directed
634803,721631,Directed
635489,16505,Directed
635489,67884,Directed
635489,82196,Directed
635489,170470,Directed
635489,331182,Directed
635489,650196,Directed
635489,652747,Directed
635489,652916,Directed
635489,710410,Directed
635489,908732,Directed
635489,915341,Directed
635536,147677,Directed
635536,157440,Directed
635536,213254,Directed
635536,824622,Directed
635536,870270,Directed
637827,112993,Directed
637827,263107,Directed
637827,293406,Directed
637827,353233,Directed
637827,466896,Directed
637827,484938,Directed
637827,622820,Directed
637827,655211,Directed
642729,36606,Directed
642729,460550,Directed
648523,361524,Directed
648523,713786,Directed
648523,935380,Directed
650196,908186,Directed
651412,86293,Directed
651412,108058,Directed
651412,217818,Directed
651412,315940,Directed
651412,570165,Directed
651412,658402,Directed
651412,689617,Directed
651412,754759,Directed
651412,789840,Directed
651412,837286,Directed
651412,949596,Directed
651766,330419,Directed
651766,760664,Directed
652747,188429,Directed
652747,516390,Directed
652747,624049,Directed
652916,4668,Directed
652916,50277,Directed
652916,58981,Directed
652916,269137,Directed
652916,394410,Directed
652916,427552,Directed
652916,584320,Directed
652916,619925,Directed
652916,653991,Directed
652916,673140,Directed
652916,682577,Directed
652916,725464,Directed
652916,739879,Directed
652916,786605,Directed
652916,818621,Directed
652916,823708,Directed
653288,78175,Directed
653288,108058,Directed
653288,152076,Directed
653288,217818,Directed
653288,234571,Directed
653288,339105,Directed
653288,484938,Directed
653288,570165,Directed
653288,624049,Directed
653288,642729,Directed
653288,662404,Directed
653288,691298,Directed
653288,769932,Directed
653288,969631,Directed
653898,32910,Directed
653898,45980,Directed
653898,75122,Directed
653898,118479,Directed
653898,464007,Directed
653898,836203,Directed
653991,61899,Directed
653991,76402,Directed
653991,773389,Directed
655211,33428,Directed
655211,293406,Directed
655211,367748,Directed
655211,466896,Directed
655211,570165,Directed
655211,651412,Directed
655211,651766,Directed
655211,675871,Directed
655211,734241,Directed
655211,852710,Directed
658225,731658,Directed
662404,69334,Directed
662404,80094,Directed
662404,323603,Directed
662404,600594,Directed
662404,652747,Directed
662404,691298,Directed
662404,817255,Directed
662404,837286,Directed
663320,76138,Directed
663320,766344,Directed
664421,504752,Directed
664421,957301,Directed
664889,621083,Directed
664889,736386,Directed
667449,872796,Directed
673140,471909,Directed
675871,339616,Directed
675871,367748,Directed
675871,561887,Directed
675871,568077,Directed
675871,651766,Directed
675871,698186,Directed
675871,714875,Directed
675871,760416,Directed
675871,794425,Directed
675871,827256,Directed
676461,58981,Directed
676461,93677,Directed
676461,893040,Directed
676461,908732,Directed
679758,463517,Directed
679770,69334,Directed
679770,495162,Directed
679770,837286,Directed
680186,38796,Directed
680186,45980,Directed
680186,75122,Directed
680817,133079,Directed
680817,283876,Directed
680817,325382,Directed
682013,46253,Directed
682013,84743,Directed
682013,101440,Directed
682013,182990,Directed
682013,257490,Directed
682013,464007,Directed
682013,506342,Directed
682013,535572,Directed
682013,680186,Directed
682013,690608,Directed
682013,716630,Directed
682013,799846,Directed
682013,810489,Directed
682577,932160,Directed
686503,47597,Directed
686503,463517,Directed
686503,482485,Directed
686503,687575,Directed
687575,68817,Directed
687575,464007,Directed
687575,818148,Directed
688410,93677,Directed
688410,125695,Directed
688410,196135,Directed
688410,466896,Directed
688410,561887,Directed
688410,675871,Directed
688410,698186,Directed
688410,847044,Directed
688410,908732,Directed
688696,76402,Directed
690608,535572,Directed
691298,217818,Directed
691298,323603,Directed
693228,46040,Directed
693228,313669,Directed
693228,339616,Directed
693228,352724,Directed
693228,367748,Directed
693228,371166,Directed
693228,457515,Directed
693228,623730,Directed
693228,675871,Directed
693228,847044,Directed
695630,36606,Directed
695630,152076,Directed
695630,217818,Directed
695630,234571,Directed
695630,480597,Directed
695630,642729,Directed
695630,662404,Directed
697359,41202,Directed
697359,421466,Directed
697359,509561,Directed
697359,534144,Directed
697359,627599,Directed
697359,766344,Directed
697359,773407,Directed
698073,121189,Directed
698073,254837,Directed
698073,650196,Directed
698073,670782,Directed
698073,710410,Directed
698073,924252,Directed
698073,955142,Directed
698186,108058,Directed
698186,115699,Directed
698186,777783,Directed
703443,151670,Directed
703443,251169,Directed
703443,406500,Directed
703443,600594,Directed
710651,62322,Directed
710651,676461,Directed
710651,772801,Directed
711215,258304,Directed
711215,561366,Directed
711215,952443,Directed
711333,105933,Directed
711333,149528,Directed
711333,473193,Directed
711333,635536,Directed
713008,230488,Directed
713008,597737,Directed
713008,886147,Directed
713786,112993,Directed
713786,133129,Directed
713786,393065,Directed
713786,466896,Directed
713786,473193,Directed
713786,821216,Directed
714875,173104,Directed
714875,198307,Directed
714875,251169,Directed
714875,330419,Directed
714875,339616,Directed
714875,561887,Directed
714875,760664,Directed
714875,917287,Directed
716630,182990,Directed
717785,64768,Directed
717785,82196,Directed
717785,143022,Directed
717785,148930,Directed
717785,277250,Directed
717785,493534,Directed
717785,552577,Directed
717785,578303,Directed
717785,688696,Directed
717785,710410,Directed
717785,762859,Directed
718679,711215,Directed
719970,78175,Directed
719970,108058,Directed
719970,217818,Directed
719970,234571,Directed
719970,296330,Directed
719970,313669,Directed
719970,466896,Directed
719970,561887,Directed
719970,623730,Directed
719970,624049,Directed
719970,652747,Directed
719970,653288,Directed
719970,675871,Directed
719970,698186,Directed
719970,723355,Directed
719970,772920,Directed
719970,789840,Directed
719970,827256,Directed
719970,837286,Directed
719970,953434,Directed
721631,111872,Directed
722707,343585,Directed
722707,663942,Directed
722707,770667,Directed
723355,837286,Directed
725464,200148,Directed
725464,485511,Directed
725809,230488,Directed
725809,805293,Directed
725809,843865,Directed
725809,963714,Directed
725968,268885,Directed
725968,721631,Directed
727942,78162,Directed
727942,170470,Directed
727942,698073,Directed
727942,795286,Directed
728051,69299,Directed
728051,273216,Directed
731658,104195,Directed
731658,209107,Directed
733170,157440,Directed
733170,361524,Directed
733170,473193,Directed
733170,860045,Directed
733170,870270,Directed
734241,330419,Directed
734241,339616,Directed
734241,367748,Directed
734241,466896,Directed
734241,760664,Directed
734241,772920,Directed
734241,794425,Directed
734466,39510,Directed
734466,145820,Directed
734466,421466,Directed
734466,660924,Directed
734466,762293,Directed
736386,664889,Directed
736785,292704,Directed
736785,313048,Directed
736785,332552,Directed
736987,254141,Directed
736987,464427,Directed
739879,179098,Directed
739879,476815,Directed
739879,530380,Directed
739879,620063,Directed
741671,16505,Directed
741671,650196,Directed
744538,294688,Directed
744538,582085,Directed
744538,688696,Directed
744538,717785,Directed
749126,4231,Directed
749126,621083,Directed
750650,231538,Directed
750650,918926,Directed
751835,27453,Directed
754759,642729,Directed
754759,658402,Directed
754759,705558,Directed
754759,782394,Directed
754759,837286,Directed
756573,33428,Directed
756573,78175,Directed
756573,94059,Directed
756573,188152,Directed
756573,330419,Directed
756573,651766,Directed
760416,466896,Directed
760416,474064,Directed
760416,601449,Directed
760664,108058,Directed
760664,330419,Directed
760664,460550,Directed
760664,466896,Directed
760664,653288,Directed
760664,695630,Directed
760664,723355,Directed
760664,953434,Directed
762859,81245,Directed
762859,112262,Directed
762859,324923,Directed
762859,543284,Directed
762859,729086,Directed
765349,123279,Directed
766344,252912,Directed
766344,697359,Directed
767491,494715,Directed
768431,163,Directed
768431,464007,Directed
768431,836203,Directed
769240,711275,Directed
769321,32910,Directed
769321,45980,Directed
769321,68817,Directed
769321,154886,Directed
769321,818148,Directed
769932,188152,Directed
770667,469958,Directed
772801,58981,Directed
772801,383225,Directed
772801,688410,Directed
772801,908732,Directed
772801,966109,Directed
772920,173104,Directed
772920,193873,Directed
772920,561887,Directed
772920,653288,Directed
772920,777783,Directed
773389,138755,Directed
773407,245747,Directed
773407,697359,Directed
773407,906384,Directed
773407,941012,Directed
775288,257049,Directed
775392,243740,Directed
775392,517978,Directed
775392,600594,Directed
775392,857606,Directed
782281,818621,Directed
782281,823708,Directed
782394,762563,Directed
783480,38308,Directed
783480,78175,Directed
783480,173104,Directed
783480,339105,Directed
783480,393065,Directed
783480,623730,Directed
783480,651766,Directed
783480,675871,Directed
783480,760416,Directed
783480,772920,Directed
783480,852499,Directed
786605,471909,Directed
789840,83588,Directed
789840,108058,Directed
789840,516390,Directed
789840,624049,Directed
789840,762563,Directed
789840,769932,Directed
789840,837286,Directed
792942,330419,Directed
792942,389279,Directed
792942,589591,Directed
792942,602762,Directed
792942,652747,Directed
792942,956944,Directed
794416,33428,Directed
794416,36606,Directed
794416,94059,Directed
794416,133129,Directed
794416,293406,Directed
794416,395522,Directed
794416,628125,Directed
794416,651412,Directed
794416,655211,Directed
794425,330419,Directed
794425,760664,Directed
798371,112993,Directed
798371,361524,Directed
798371,713786,Directed
799121,21956,Directed
799121,33428,Directed
799121,94059,Directed
799121,293406,Directed
799121,315940,Directed
799121,339616,Directed
799121,353233,Directed
799121,367748,Directed
799121,395522,Directed
799121,460278,Directed
799121,466896,Directed
799121,570165,Directed
799121,651766,Directed
799121,655211,Directed
799121,689617,Directed
799121,754759,Directed
799121,756573,Directed
799121,772920,Directed
799121,794425,Directed
799121,852710,Directed
799121,917287,Directed
799121,949596,Directed
800735,209836,Directed
800735,277250,Directed
800735,516216,Directed
800735,635489,Directed
800735,650196,Directed
800735,710410,Directed
800735,762859,Directed
800735,915341,Directed
801274,123279,Directed
801274,245747,Directed
801274,875536,Directed
801366,956944,Directed
809643,245747,Directed
809643,604011,Directed
809643,721631,Directed
809936,142900,Directed
809936,485511,Directed
809936,837286,Directed
809936,912619,Directed
810715,16336,Directed
810715,130507,Directed
812224,362095,Directed
812224,514824,Directed
812224,795286,Directed
817255,234571,Directed
817255,480597,Directed
817255,570165,Directed
817255,652747,Directed
817255,662404,Directed
818148,270919,Directed
818148,680186,Directed
818358,47597,Directed
818358,129665,Directed
818358,463517,Directed
819295,353233,Directed
819295,361524,Directed
819295,460278,Directed
819295,473193,Directed
819295,734241,Directed
819295,824622,Directed
819295,860045,Directed
819295,935380,Directed
821216,33428,Directed
821216,43242,Directed
821216,112993,Directed
821216,160059,Directed
821216,175095,Directed
821216,188152,Directed
821216,637827,Directed
821216,651412,Directed
821216,655211,Directed
821252,209836,Directed
821252,437946,Directed
821252,727942,Directed
821252,739879,Directed
824622,93677,Directed
827145,288739,Directed
827256,330419,Directed
827256,466896,Directed
827256,607806,Directed
827256,777783,Directed
830442,137759,Directed
834888,474064,Directed
836203,32910,Directed
836203,270919,Directed
836203,318287,Directed
836203,576531,Directed
837286,69334,Directed
837286,237336,Directed
837286,417947,Directed
837286,425060,Directed
837286,495162,Directed
837286,762563,Directed
837286,788633,Directed
842486,272006,Directed
843865,109245,Directed
847044,296330,Directed
847044,466896,Directed
849079,39510,Directed
849079,383151,Directed
849079,886147,Directed
849711,651412,Directed
849711,852710,Directed
850033,521264,Directed
851051,20620,Directed
851051,473193,Directed
851051,540260,Directed
851051,713786,Directed
851051,733170,Directed
851051,897156,Directed
852710,152076,Directed
852710,172462,Directed
852710,201084,Directed
852710,339105,Directed
852710,570165,Directed
852710,624049,Directed
852710,837286,Directed
854647,903,Directed
854647,673140,Directed
855712,394026,Directed
855712,691298,Directed
855712,772920,Directed
857606,243740,Directed
857606,371166,Directed
857606,485511,Directed
857606,493107,Directed
857606,809936,Directed
857606,880450,Directed
857862,231538,Directed
857862,750650,Directed
858073,125695,Directed
858073,331182,Directed
858073,874125,Directed
860045,105933,Directed
860045,157440,Directed
860045,293406,Directed
860045,473193,Directed
860045,590169,Directed
860045,655211,Directed
861056,846699,Directed
861535,516390,Directed
861535,837286,Directed
862591,170470,Directed
862591,361524,Directed
862591,473193,Directed
862591,590169,Directed
862591,637827,Directed
862591,713786,Directed
862591,733170,Directed
862591,775392,Directed
862591,824622,Directed
864535,371166,Directed
864535,406500,Directed
864535,412083,Directed
864535,485511,Directed
864535,765295,Directed
864535,857606,Directed
864535,861535,Directed
864535,880450,Directed
864535,897156,Directed
867084,802835,Directed
867084,827145,Directed
867427,385014,Directed
867427,809643,Directed
869541,361524,Directed
869541,473193,Directed
869541,713786,Directed
869931,818148,Directed
870270,133129,Directed
870270,205732,Directed
870270,473193,Directed
870270,570165,Directed
870270,628125,Directed
870270,652747,Directed
872796,297323,Directed
874125,961542,Directed
881626,460550,Directed
881626,568077,Directed
881626,695630,Directed
881626,772920,Directed
884986,164407,Directed
884986,604011,Directed
884986,660924,Directed
884986,894994,Directed
886143,251169,Directed
886143,339616,Directed
886143,367748,Directed
886143,466896,Directed
886143,675871,Directed
886143,760664,Directed
886143,794425,Directed
886143,917287,Directed
886147,245747,Directed
886147,963714,Directed
886890,736987,Directed
892129,676461,Directed
892129,893040,Directed
893040,256009,Directed
894994,123279,Directed
906384,139663,Directed
906384,245747,Directed
908732,93677,Directed
912619,237336,Directed
912619,837286,Directed
915341,516216,Directed
916491,209689,Directed
916491,462884,Directed
917164,485511,Directed
917164,765295,Directed
917164,809936,Directed
917164,880450,Directed
917287,78175,Directed
917287,107392,Directed
917287,330419,Directed
917287,698186,Directed
917547,39510,Directed
917547,145820,Directed
917547,383151,Directed
917547,553625,Directed
917547,834738,Directed
917547,849079,Directed
918926,197799,Directed
918926,427552,Directed
924252,121189,Directed
924485,81245,Directed
924485,112262,Directed
924485,773389,Directed
935380,361524,Directed
937271,721631,Directed
937271,963714,Directed
939476,805293,Directed
939645,257049,Directed
939645,292704,Directed
941012,139663,Directed
941012,169357,Directed
941012,906384,Directed
942407,421466,Directed
942407,697359,Directed
942407,886147,Directed
949596,108058,Directed
949596,172462,Directed
949596,217818,Directed
949596,315940,Directed
949596,754759,Directed
949596,789840,Directed
949596,837286,Directed
949596,852710,Directed
953434,108058,Directed
953434,570165,Directed
953434,652747,Directed
953434,809936,Directed
955142,50277,Directed
955142,93677,Directed
955142,269137,Directed
955142,361524,Directed
955142,473193,Directed
955142,798371,Directed
955142,847044,Directed
955142,893040,Directed
956944,80140,Directed
956944,201084,Directed
956944,330419,Directed
956944,474064,Directed
956944,602762,Directed
956944,769932,Directed
956944,795286,Directed
959484,970263,Directed
960245,217837,Directed
960644,296330,Directed
960644,367748,Directed
960644,466896,Directed
960644,507966,Directed
960644,512959,Directed
960644,586259,Directed
960644,847044,Directed
961542,107392,Directed
961542,196135,Directed
961542,676461,Directed
961542,772801,Directed
961542,908732,Directed
964115,465190,Directed
966109,331182,Directed
966109,561887,Directed
968128,273819,Directed
969631,406500,Directed
969631,460550,Directed
969631,662404,Directed
969631,712584,Directed
970263,3428,Directed
970263,517600,Directed
970263,750650,Directed
979375,164580,Directed
979375,252284,Directed
980821,245747,Directed
980821,721631,Directed
903,503187,Directed
903,750650,Directed
903,767491,Directed
903,854647,Directed
3428,195136,Directed
3428,767491,Directed
4231,278800,Directed
4231,419230,Directed
4668,256009,Directed
4668,383225,Directed
4668,549876,Directed
4668,561887,Directed
4668,619925,Directed
4668,688410,Directed
4668,710651,Directed
4668,893040,Directed
4668,908732,Directed
4668,961542,Directed
8268,549876,Directed
12637,906384,Directed
16336,133079,Directed
16336,412584,Directed
16336,680817,Directed
16336,959484,Directed
16336,970263,Directed
16505,277250,Directed
16604,245747,Directed
18490,62322,Directed
18490,203378,Directed
18490,256009,Directed
18490,301008,Directed
18490,676461,Directed
18490,688410,Directed
18490,772801,Directed
18490,893040,Directed
18490,908732,Directed
18490,961542,Directed
19647,118479,Directed
20620,21956,Directed
20620,33428,Directed
20620,46040,Directed
20620,213254,Directed
20620,339616,Directed
20620,393065,Directed
20620,403869,Directed
20620,415022,Directed
20620,466896,Directed
20620,509826,Directed
20620,651766,Directed
20620,714875,Directed
20620,783480,Directed
22168,297323,Directed
27453,81245,Directed
27453,159664,Directed
31247,660924,Directed
32910,17491,Directed
32910,38796,Directed
32910,73141,Directed
32910,257490,Directed
32910,270919,Directed
32910,551869,Directed
33428,94059,Directed
33428,188152,Directed
33428,734241,Directed
33428,794425,Directed
34143,336475,Directed
34143,361524,Directed
34143,450925,Directed
34143,540260,Directed
34143,819295,Directed
34143,851051,Directed
34831,112993,Directed
34831,361524,Directed
34831,473193,Directed
34831,647762,Directed
34831,713786,Directed
34831,798371,Directed
36606,412083,Directed
36606,464029,Directed
36606,495162,Directed
36606,516390,Directed
36606,570165,Directed
36606,809936,Directed
36606,837286,Directed
38308,78175,Directed
38308,173104,Directed
38308,217818,Directed
38308,460550,Directed
38308,466896,Directed
38308,570165,Directed
38308,760416,Directed
38308,772920,Directed
38308,789840,Directed
39510,12637,Directed
39510,164580,Directed
39510,597737,Directed
39510,773407,Directed
39510,886147,Directed
39510,963714,Directed
39510,979375,Directed
41039,76878,Directed
41039,604011,Directed
41039,894994,Directed
41202,906384,Directed
41846,340899,Directed
41846,667449,Directed
41846,872796,Directed
43242,33428,Directed
43242,94059,Directed
43242,115699,Directed
43242,198307,Directed
43242,339616,Directed
43242,466896,Directed
43242,469668,Directed
43242,509826,Directed
43242,622820,Directed
43242,651412,Directed
43242,652747,Directed
43242,655211,Directed
43242,675871,Directed
43242,734241,Directed
43242,794416,Directed
43242,794425,Directed
43242,852710,Directed
43242,917287,Directed
44423,101440,Directed
46040,339616,Directed
46040,367748,Directed
46040,466896,Directed
46040,663942,Directed
46040,698186,Directed
46040,886143,Directed
46253,19647,Directed
46253,68817,Directed
46253,482485,Directed
46253,598763,Directed
46253,687575,Directed
47597,68817,Directed
47597,551869,Directed
47597,836203,Directed
50277,125695,Directed
50277,203378,Directed
50277,301008,Directed
50277,447372,Directed
50277,892129,Directed
50277,893040,Directed
50277,908732,Directed
50277,961542,Directed
50539,108058,Directed
50539,430832,Directed
50539,460550,Directed
50539,480597,Directed
50539,495162,Directed
50539,570165,Directed
50539,616279,Directed
50539,664421,Directed
50539,691298,Directed
50539,809936,Directed
51118,78175,Directed
51118,93677,Directed
51118,108058,Directed
51118,260137,Directed
51118,330419,Directed
51118,339616,Directed
51118,433311,Directed
51118,509826,Directed
51118,512959,Directed
51118,675871,Directed
51118,714875,Directed
51118,760664,Directed
51118,956944,Directed
61278,128386,Directed
62322,93677,Directed
62322,676461,Directed
62322,688410,Directed
62322,772801,Directed
66345,93677,Directed
66345,561887,Directed
66345,605595,Directed
66345,847044,Directed
68817,75122,Directed
69041,421466,Directed
69041,589242,Directed
69282,163529,Directed
69299,81245,Directed
69334,433532,Directed
73141,75122,Directed
73141,464007,Directed
76099,471909,Directed
76099,503187,Directed
76099,517600,Directed
76099,682577,Directed
76099,786605,Directed
76099,857862,Directed
76099,959484,Directed
76099,970263,Directed
76878,385014,Directed
76878,765349,Directed
78175,217818,Directed
78175,234571,Directed
78175,953434,Directed
80094,243740,Directed
80094,371166,Directed
80140,33428,Directed
80140,46040,Directed
80140,78175,Directed
80140,118533,Directed
80140,173104,Directed
80140,284560,Directed
80140,339616,Directed
80140,433311,Directed
80140,460550,Directed
80140,516390,Directed
80140,586259,Directed
80140,611070,Directed
80140,622212,Directed
80140,623730,Directed
80140,652747,Directed
80140,675871,Directed
80140,693228,Directed
80140,714875,Directed
80140,760664,Directed
80140,847044,Directed
80140,886143,Directed
80140,917287,Directed
80140,960245,Directed
80629,395522,Directed
80629,460550,Directed
80889,942407,Directed
80889,979375,Directed
81245,27453,Directed
81245,159664,Directed
81245,668974,Directed
81245,870766,Directed
82196,783439,Directed
83588,188152,Directed
83588,371166,Directed
83588,406500,Directed
83588,430832,Directed
83588,516390,Directed
83588,570165,Directed
83588,809936,Directed
84021,604011,Directed
84021,765349,Directed
84021,894994,Directed
85895,273819,Directed
85895,562811,Directed
93677,33428,Directed
93677,118533,Directed
93677,193873,Directed
93677,198307,Directed
93677,344930,Directed
93677,353233,Directed
93677,367748,Directed
93677,371322,Directed
93677,394026,Directed
93677,474064,Directed
93677,561887,Directed
93677,586259,Directed
93677,760664,Directed
93677,772920,Directed
93677,799121,Directed
93677,847044,Directed
93677,861535,Directed
93677,886143,Directed
94059,188152,Directed
94059,689617,Directed
94059,949596,Directed
99906,118533,Directed
99906,956944,Directed
104195,75122,Directed
104195,197939,Directed
105933,94059,Directed
105933,509826,Directed
105933,570165,Directed
105933,637827,Directed
105933,651412,Directed
105933,652747,Directed
105933,824622,Directed
105933,956944,Directed
107392,80094,Directed
107392,243740,Directed
107392,371166,Directed
107392,600594,Directed
107392,809936,Directed
107392,857606,Directed
107392,864535,Directed
108058,172462,Directed
108058,188152,Directed
108058,393065,Directed
108058,516390,Directed
108058,861535,Directed
108597,602762,Directed
108597,956944,Directed
109181,175051,Directed
109245,411493,Directed
112993,33428,Directed
112993,188152,Directed
112993,466896,Directed
112993,564206,Directed
112993,754759,Directed
112993,783480,Directed
115432,217818,Directed
115432,616279,Directed
115432,772920,Directed
115432,777783,Directed
115432,789840,Directed
115432,817255,Directed
115432,969631,Directed
115699,172462,Directed
115699,201084,Directed
115699,234571,Directed
115699,371166,Directed
115699,570165,Directed
115699,616279,Directed
115699,624049,Directed
115699,652747,Directed
115699,691298,Directed
115699,695630,Directed
115699,754759,Directed
115699,762563,Directed
115699,769932,Directed
115699,782394,Directed
115699,788633,Directed
115699,953434,Directed
117249,36606,Directed
117249,323603,Directed
117249,460550,Directed
117249,662404,Directed
117249,969631,Directed
118533,38308,Directed
118533,330419,Directed
118533,474064,Directed
118533,651766,Directed
118533,652747,Directed
118533,714875,Directed
118533,760416,Directed
118533,760664,Directed
118533,783480,Directed
118533,960245,Directed
121189,254837,Directed
121189,352724,Directed
121189,460550,Directed
121189,473193,Directed
121189,670782,Directed
121189,733170,Directed
121189,851051,Directed
121189,858073,Directed
121620,866677,Directed
125695,66345,Directed
125695,115432,Directed
125695,607806,Directed
125695,623730,Directed
125695,698186,Directed
125883,123279,Directed
127348,145820,Directed
127348,697359,Directed
128386,272006,Directed
128386,411493,Directed
129665,45980,Directed
129665,328310,Directed
133079,150532,Directed
139663,245747,Directed
145820,3344,Directed
145820,429223,Directed
145948,133079,Directed
145948,150532,Directed
145948,304664,Directed
145948,412584,Directed
147677,393065,Directed
147677,394026,Directed
147677,827256,Directed
148930,718679,Directed
149528,105933,Directed
149528,473193,Directed
149528,590169,Directed
149528,824622,Directed
152076,234571,Directed
157440,147677,Directed
157440,473193,Directed
159664,27453,Directed
159664,81245,Directed
159664,475002,Directed
159664,543284,Directed
159664,668974,Directed
159664,773389,Directed
160059,353233,Directed
160059,371322,Directed
160059,622820,Directed
164407,164580,Directed
164407,421466,Directed
166624,361524,Directed
166624,473193,Directed
170470,538372,Directed
170810,543284,Directed
172462,658402,Directed
173104,330419,Directed
173104,651766,Directed
173104,760416,Directed
173104,949596,Directed
175051,952443,Directed
175095,21956,Directed
175095,33428,Directed
175095,43242,Directed
175095,80140,Directed
175095,94059,Directed
175095,223922,Directed
175095,293406,Directed
175095,353233,Directed
175095,395522,Directed
175095,460278,Directed
175095,756573,Directed
175261,78175,Directed
175261,337782,Directed
175261,457515,Directed
175261,675871,Directed
175261,698186,Directed
180642,227692,Directed
181552,209107,Directed
181552,731658,Directed
182990,716630,Directed
183403,227692,Directed
183403,353813,Directed
185046,516390,Directed
185046,723355,Directed
188152,577224,Directed
188429,237336,Directed
188429,425060,Directed
188429,516390,Directed
188429,723355,Directed
188429,782394,Directed
188429,837286,Directed
188429,861535,Directed
188429,912619,Directed
193873,152076,Directed
193873,568077,Directed
195136,494715,Directed
195136,521264,Directed
195136,850033,Directed
197799,243740,Directed
197799,485511,Directed
197799,493107,Directed
197799,725464,Directed
197939,318287,Directed
197939,576531,Directed
198307,330419,Directed
198307,339105,Directed
198307,389279,Directed
198307,466896,Directed
198307,917287,Directed
199391,109245,Directed
199391,145820,Directed
199693,389279,Directed
199693,568077,Directed
199693,586259,Directed
201084,234571,Directed
201084,323603,Directed
201084,460550,Directed
201084,864535,Directed
203378,125695,Directed
203378,196135,Directed
203378,383225,Directed
203378,427413,Directed
203378,676461,Directed
203378,908732,Directed
205111,751740,Directed
205732,33428,Directed
205732,133129,Directed
205732,293406,Directed
205732,628125,Directed
206285,509826,Directed
206285,616279,Directed
206285,624049,Directed
206285,817255,Directed
207226,906384,Directed
209689,462884,Directed
213254,33428,Directed
213254,93677,Directed
213254,263107,Directed
213254,353233,Directed
213254,460278,Directed
213254,466896,Directed
213254,474064,Directed
213254,622820,Directed
213254,756573,Directed
213254,799121,Directed
216570,556966,Directed
216570,598009,Directed
217818,36606,Directed
217818,83588,Directed
217818,108058,Directed
217818,516390,Directed
217818,570165,Directed
217818,624049,Directed
217818,723355,Directed
217818,789840,Directed
217818,809936,Directed
218102,956944,Directed
225627,41846,Directed
225627,667449,Directed
227692,64768,Directed
227692,175051,Directed
227692,775288,Directed
229015,203378,Directed
229015,301008,Directed
229015,676461,Directed
229015,772801,Directed
229015,874125,Directed
230488,421466,Directed
230550,107392,Directed
231715,421466,Directed
231715,697359,Directed
231715,734466,Directed
234063,21956,Directed
234063,80140,Directed
234063,105933,Directed
234063,133129,Directed
234063,149528,Directed
234063,160059,Directed
234063,175095,Directed
234063,175261,Directed
234063,262703,Directed
234063,263107,Directed
234063,269905,Directed
234063,339616,Directed
234063,343585,Directed
234063,361524,Directed
234063,369001,Directed
234063,371322,Directed
234063,393065,Directed
234063,450925,Directed
234063,460278,Directed
234063,466896,Directed
234063,517978,Directed
234063,517993,Directed
234063,520293,Directed
234063,540260,Directed
234063,561887,Directed
234063,563725,Directed
234063,570165,Directed
234063,572230,Directed
234063,600594,Directed
234063,623730,Directed
234063,655211,Directed
234063,662404,Directed
234063,693228,Directed
234063,703443,Directed
234063,713786,Directed
234063,777783,Directed
234063,783480,Directed
234063,795286,Directed
234063,798371,Directed
234063,860045,Directed
234063,886143,Directed
234063,935380,Directed
234063,956944,Directed
234571,217818,Directed
234571,652747,Directed
234571,953434,Directed
235283,562025,Directed
235334,564206,Directed
235597,252912,Directed
236896,857288,Directed
236896,952443,Directed
237143,254141,Directed
240834,434441,Directed
240834,570165,Directed
240834,589591,Directed
240834,602762,Directed
240834,792942,Directed
243740,723355,Directed
243740,809936,Directed
251169,78175,Directed
251169,330419,Directed
251169,695630,Directed
251169,794425,Directed
252284,12637,Directed
252284,90599,Directed
252284,245747,Directed
252284,349918,Directed
252284,421466,Directed
252284,697359,Directed
252284,773407,Directed
252284,886147,Directed
252546,213254,Directed
252546,361524,Directed
252546,512959,Directed
252546,713786,Directed
254141,736987,Directed
254837,34143,Directed
254837,50277,Directed
254837,252546,Directed
254837,616554,Directed
254837,851051,Directed
254837,864535,Directed
255424,562025,Directed
257490,111050,Directed
258304,292704,Directed
260137,426567,Directed
260137,446349,Directed
260137,495162,Directed
260137,507966,Directed
260137,956944,Directed
262703,369001,Directed
262703,663942,Directed
262703,956944,Directed
263107,33428,Directed
263107,198307,Directed
263107,251169,Directed
263107,734241,Directed
264441,485995,Directed
265167,903,Directed
265167,231538,Directed
265167,680817,Directed
265167,854647,Directed
265167,970263,Directed
269137,473193,Directed
269137,676461,Directed
269137,710651,Directed
270919,38796,Directed
270919,45980,Directed
270919,73141,Directed
270919,75122,Directed
273216,112262,Directed
274709,664421,Directed
278800,621083,Directed
284560,38308,Directed
284560,108058,Directed
284560,193873,Directed
284560,330419,Directed
284560,344930,Directed
284560,466896,Directed
284560,570165,Directed
284560,655211,Directed
284560,714875,Directed
284560,756573,Directed
284560,760416,Directed
284560,772920,Directed
284560,794425,Directed
284755,69282,Directed
285619,175261,Directed
293406,94059,Directed
293406,188152,Directed
293406,217818,Directed
293406,263107,Directed
293406,464029,Directed
293406,651412,Directed
293406,658402,Directed
293406,754759,Directed
293406,789840,Directed
293406,852710,Directed
293406,949596,Directed
294688,69299,Directed
294688,148930,Directed
294688,283572,Directed
294688,578303,Directed
294688,739879,Directed
294688,788503,Directed
294688,843699,Directed
296330,339616,Directed
296330,367748,Directed
296330,561887,Directed
296330,623730,Directed
296330,698186,Directed
296330,847044,Directed
299942,419230,Directed
299942,846699,Directed
301008,4668,Directed
301008,58981,Directed
301008,447372,Directed
301008,676461,Directed
301008,710651,Directed
301008,961542,Directed
304664,150532,Directed
311903,604011,Directed
313048,82196,Directed
313531,32910,Directed
313531,111050,Directed
313531,122489,Directed
313531,799846,Directed
313669,337782,Directed
313669,352724,Directed
313669,663942,Directed
313669,695630,Directed
313669,777783,Directed
314687,503187,Directed
323603,217818,Directed
323603,652747,Directed
324923,710410,Directed
324923,788503,Directed
328310,32910,Directed
328310,47597,Directed
328310,68817,Directed
328310,464007,Directed
328310,836203,Directed
330419,78175,Directed
330419,460550,Directed
330419,466896,Directed
330419,652747,Directed
330419,723355,Directed
330419,760235,Directed
330419,960245,Directed
331182,484938,Directed
331182,561887,Directed
331182,691298,Directed
332552,175051,Directed
332552,292704,Directed
332552,736785,Directed
332740,86293,Directed
336475,147677,Directed
336475,404597,Directed
336475,520293,Directed
336475,572230,Directed
336475,616554,Directed
336475,711333,Directed
336475,733170,Directed
336475,870270,Directed
336545,463517,Directed
336545,679758,Directed
337782,115432,Directed
337782,623730,Directed
337782,663942,Directed
337782,827256,Directed
337782,847044,Directed
339105,29043,Directed
339105,78175,Directed
339105,206285,Directed
339105,460550,Directed
339105,509826,Directed
339105,789840,Directed
339616,367748,Directed
339616,561887,Directed
339616,698186,Directed
339616,760664,Directed
339616,794425,Directed
340899,129665,Directed
343585,269905,Directed
343585,473193,Directed
343585,572230,Directed
343585,713786,Directed
343585,897156,Directed
344930,78175,Directed
344930,206285,Directed
344930,323603,Directed
344930,397503,Directed
344930,616279,Directed
344930,624049,Directed
344930,642729,Directed
344930,652747,Directed
344930,789840,Directed
345466,46040,Directed
345466,121922,Directed
345466,195136,Directed
345466,367659,Directed
345466,593581,Directed
352724,115432,Directed
352724,125695,Directed
352724,367748,Directed
352724,623730,Directed
352724,652747,Directed
352992,730240,Directed
353233,43242,Directed
353233,198307,Directed
353233,339616,Directed
353233,389279,Directed
353233,652747,Directed
353233,655211,Directed
353233,734241,Directed
353233,794425,Directed
353813,183403,Directed
353813,292704,Directed
353813,332552,Directed
354373,549876,Directed
358453,93677,Directed
358453,185046,Directed
358453,337782,Directed
358453,578075,Directed
358453,723355,Directed
359161,523484,Directed
359161,812224,Directed
361524,80629,Directed
361524,105933,Directed
361524,147677,Directed
361524,157440,Directed
361524,262703,Directed
361524,358453,Directed
361524,404597,Directed
361524,572230,Directed
361524,635536,Directed
361524,713786,Directed
361524,795286,Directed
361524,824622,Directed
361524,860045,Directed
361524,870270,Directed
361669,61278,Directed
361669,128386,Directed
361669,383151,Directed
361669,773407,Directed
361669,894994,Directed
362095,514824,Directed
362652,361524,Directed
362652,473193,Directed
367659,121922,Directed
367748,330419,Directed
367748,516390,Directed
367748,698186,Directed
367748,852499,Directed
369001,330419,Directed
369001,337782,Directed
369001,339616,Directed
369001,394026,Directed
369001,578075,Directed
369001,663942,Directed
369001,956944,Directed
371166,485511,Directed
371166,880450,Directed
371322,21956,Directed
371322,33428,Directed
371322,112993,Directed
371322,188152,Directed
371322,353233,Directed
371322,622820,Directed
371322,655211,Directed
371327,406500,Directed
371327,430832,Directed
371327,600594,Directed
371327,723355,Directed
371327,857606,Directed
371327,861535,Directed
371327,897156,Directed
371327,917164,Directed
382592,751835,Directed
383151,697359,Directed
385014,252912,Directed
385014,765349,Directed
385014,842486,Directed
385014,884986,Directed
385014,980821,Directed
388677,566227,Directed
389279,339105,Directed
389279,460550,Directed
389279,652747,Directed
389279,662404,Directed
389279,769932,Directed
394026,251169,Directed
394026,330419,Directed
394026,389279,Directed
394026,460550,Directed
394026,466896,Directed
394026,568077,Directed
394026,570165,Directed
394026,663942,Directed
394026,760416,Directed
394026,760664,Directed
394026,917287,Directed
394410,265167,Directed
394410,673140,Directed
394410,854647,Directed
397503,466896,Directed
397503,568077,Directed
397503,570165,Directed
397503,698186,Directed
403869,33428,Directed
403869,175095,Directed
403869,371322,Directed
403869,415022,Directed
403869,622820,Directed
403869,655211,Directed
404597,147677,Directed
404597,473193,Directed
404597,572230,Directed
404597,824622,Directed
404597,935380,Directed
404597,956944,Directed
406473,358453,Directed
406500,570165,Directed
406500,809936,Directed
409691,881626,Directed
412083,430832,Directed
415022,21956,Directed
415022,33428,Directed
415022,371322,Directed
415022,563725,Directed
419230,278800,Directed
419230,453466,Directed
419230,621083,Directed
421466,245747,Directed
421466,660924,Directed
426567,240834,Directed
426567,602762,Directed
426567,663942,Directed
426567,675871,Directed
426567,956944,Directed
427413,93677,Directed
427413,474064,Directed
427552,823708,Directed
429223,245747,Directed
430832,371166,Directed
430832,406500,Directed
431211,296216,Directed
433311,251169,Directed
433311,339616,Directed
433311,394026,Directed
433311,484938,Directed
433311,691298,Directed
433532,464029,Directed
433532,665457,Directed
433532,762563,Directed
433532,788633,Directed
434441,185046,Directed
434441,330419,Directed
434441,578075,Directed
434441,589591,Directed
434441,652747,Directed
434441,653288,Directed
434441,769932,Directed
434441,792942,Directed
434441,956944,Directed
446349,434441,Directed
446349,589591,Directed
446349,602762,Directed
446349,956944,Directed
447372,58981,Directed
447372,196135,Directed
447372,710651,Directed
447372,772801,Directed
450087,802843,Directed
450087,827145,Directed
450087,916491,Directed
457515,115432,Directed
457515,125695,Directed
457515,313669,Directed
457515,337782,Directed
457515,339616,Directed
457515,352724,Directed
457515,663942,Directed
457515,734241,Directed
460278,94059,Directed
460278,188152,Directed
460278,198307,Directed
460278,655211,Directed
460550,217818,Directed
460550,332740,Directed
460550,616279,Directed
460550,624049,Directed
460550,789840,Directed
460550,809936,Directed
462884,209689,Directed
463517,197939,Directed
469958,80140,Directed
469958,184184,Directed
469958,240834,Directed
469958,260137,Directed
469958,339616,Directed
469958,367748,Directed
469958,369001,Directed
469958,495162,Directed
469958,664421,Directed
469958,886143,Directed
469958,956944,Directed
469958,960644,Directed
470309,272006,Directed
470309,394654,Directed
470309,604011,Directed
470309,809643,Directed
470309,843865,Directed
470650,331182,Directed
470650,484938,Directed
470650,561887,Directed
470650,691298,Directed
473193,20620,Directed
473193,80629,Directed
473193,105933,Directed
473193,133129,Directed
473193,157440,Directed
473193,160059,Directed
473193,205732,Directed
473193,213254,Directed
473193,240834,Directed
473193,262703,Directed
473193,263107,Directed
473193,337782,Directed
473193,371322,Directed
473193,403869,Directed
473193,450925,Directed
473193,540260,Directed
473193,563725,Directed
473193,578075,Directed
473193,590169,Directed
473193,623730,Directed
473193,628125,Directed
473193,792942,Directed
473193,794416,Directed
473193,821216,Directed
473193,824622,Directed
473193,956944,Directed
474064,69334,Directed
474064,80094,Directed
474064,117249,Directed
474064,170470,Directed
474064,201084,Directed
474064,217818,Directed
474064,367659,Directed
474064,430832,Directed
474064,433532,Directed
474064,480597,Directed
474064,570165,Directed
474064,624049,Directed
474064,652747,Directed
474064,663942,Directed
474064,665457,Directed
474064,777783,Directed
474064,789840,Directed
474064,953434,Directed
474064,969631,Directed
475002,82196,Directed
475002,292704,Directed
475002,650196,Directed
476815,64768,Directed
476815,382592,Directed
476815,582085,Directed
476815,739879,Directed
476815,773389,Directed
476815,843699,Directed
477291,909362,Directed
480597,36606,Directed
480597,570165,Directed
480597,616279,Directed
480597,624049,Directed
480597,652747,Directed
480597,769932,Directed
480597,789840,Directed
482485,464007,Directed
484938,217818,Directed
484938,516390,Directed
484938,616279,Directed
484938,652747,Directed
484938,691298,Directed
484938,789840,Directed
485995,454323,Directed
490739,157440,Directed
490739,361524,Directed
490739,860045,Directed
490739,870270,Directed
493107,200148,Directed
495162,274709,Directed
495162,664421,Directed
503187,231538,Directed
503187,517600,Directed
503187,673140,Directed
507966,446349,Directed
509561,139663,Directed
509561,349918,Directed
509561,421466,Directed
509561,660924,Directed
509826,652747,Directed
512959,33428,Directed
512959,93677,Directed
512959,251169,Directed
512959,655211,Directed
512959,703443,Directed
512959,772920,Directed
512959,917287,Directed
513397,33192,Directed
515379,64768,Directed
515379,312310,Directed
515379,493534,Directed
515379,717785,Directed
515379,821252,Directed
516390,664421,Directed
516390,723355,Directed
516390,837286,Directed
517600,471909,Directed
517600,682577,Directed
517675,805293,Directed
517993,394026,Directed
517993,622212,Directed
517993,772920,Directed
517993,783480,Directed
519525,47597,Directed
519525,68817,Directed
519525,328310,Directed
519525,653898,Directed
520293,20620,Directed
520293,403869,Directed
520293,450925,Directed
520293,663942,Directed
522972,361524,Directed
522972,538372,Directed
523484,340899,Directed
526278,354373,Directed
526278,549876,Directed
526278,604283,Directed
528956,50277,Directed
528956,269137,Directed
528956,383225,Directed
528956,473193,Directed
528956,698186,Directed
528956,849711,Directed
528956,858073,Directed
533833,245747,Directed
534144,145820,Directed
535572,163,Directed
535572,32910,Directed
535572,768431,Directed
540260,21956,Directed
540260,43242,Directed
540260,175095,Directed
540260,369001,Directed
540260,371322,Directed
540260,403869,Directed
540260,517978,Directed
540260,655211,Directed
540260,783480,Directed
540260,794416,Directed
542572,32910,Directed
542572,362057,Directed
542572,818358,Directed
542572,836203,Directed
543455,283572,Directed
543455,866677,Directed
545981,252546,Directed
545981,520293,Directed
551869,38796,Directed
551869,68817,Directed
551869,680186,Directed
551869,818148,Directed
553539,352992,Directed
553625,31247,Directed
553625,39510,Directed
553625,138484,Directed
553625,139663,Directed
553625,421466,Directed
553625,697359,Directed
553625,849079,Directed
561366,109181,Directed
561366,175051,Directed
561366,227692,Directed
561366,292704,Directed
561366,736785,Directed
561366,952443,Directed
561887,108058,Directed
561887,234571,Directed
561887,466896,Directed
561887,509826,Directed
561887,652747,Directed
561887,969631,Directed
562811,85895,Directed
562811,273819,Directed
563187,33192,Directed
563187,513397,Directed
563187,778588,Directed
563187,867084,Directed
563725,33428,Directed
563725,371322,Directed
563725,460278,Directed
563725,622820,Directed
563725,783480,Directed
564206,188152,Directed
566227,296216,Directed
566227,388677,Directed
566348,84021,Directed
566348,604011,Directed
566348,894994,Directed
567379,76138,Directed
570165,861535,Directed
572230,20620,Directed
572230,80140,Directed
572230,358453,Directed
572230,369001,Directed
572230,426567,Directed
572230,446349,Directed
572230,450925,Directed
572230,466896,Directed
572230,821216,Directed
577224,805016,Directed
577224,842005,Directed
578075,206285,Directed
578075,285619,Directed
578075,330419,Directed
578075,460278,Directed
578075,589591,Directed
578075,602762,Directed
578075,653288,Directed
578075,792942,Directed
582085,159664,Directed
582085,180642,Directed
582085,258304,Directed
582085,292704,Directed
582085,332552,Directed
582085,711215,Directed
584320,162847,Directed
584320,652916,Directed
589242,290808,Directed
589242,634803,Directed
589242,809643,Directed
589591,80140,Directed
589591,956944,Directed
590169,133129,Directed
590169,446349,Directed
590169,605595,Directed
590169,628125,Directed
590169,652747,Directed
590169,719970,Directed
590169,824622,Directed
591230,125883,Directed
591230,429223,Directed
591230,604011,Directed
591230,894994,Directed
594288,133079,Directed
594288,325382,Directed
594288,339027,Directed
597737,145820,Directed
597737,164580,Directed
597737,421466,Directed
597737,697359,Directed
597737,963714,Directed
600594,80094,Directed
600594,371166,Directed
600594,406500,Directed
600594,412083,Directed
600594,430832,Directed
600594,665457,Directed
600594,857606,Directed
600594,880450,Directed
600594,917164,Directed
602762,33428,Directed
602762,198307,Directed
602762,251169,Directed
602762,330419,Directed
602762,466896,Directed
602762,655211,Directed
602762,675871,Directed
602762,847044,Directed
602762,886143,Directed
602762,917287,Directed
603524,465190,Directed
604283,549876,Directed
604283,653518,Directed
605595,93677,Directed
607022,846699,Directed
607806,152076,Directed
607806,234571,Directed
607806,339105,Directed
607806,484938,Directed
607806,561887,Directed
607806,616279,Directed
616554,105933,Directed
616554,149528,Directed
616554,205732,Directed
616554,404597,Directed
616554,624049,Directed
616554,652747,Directed
616554,663942,Directed
616554,711333,Directed
616554,713786,Directed
616554,733170,Directed
616554,795286,Directed
616554,860045,Directed
616554,935380,Directed
619925,331182,Directed
619925,561887,Directed
621083,736386,Directed
622212,118533,Directed
622212,175261,Directed
622212,337782,Directed
622212,339616,Directed
622212,652747,Directed
622212,693228,Directed
622212,880450,Directed
622820,33428,Directed
622820,94059,Directed
622820,198307,Directed
622820,251169,Directed
622820,330419,Directed
622820,389279,Directed
622820,395522,Directed
622820,466896,Directed
622820,564206,Directed
622820,651412,Directed
622820,734241,Directed
622820,794425,Directed
623730,78175,Directed
623730,115432,Directed
623730,344930,Directed
623730,397503,Directed
623730,607806,Directed
623730,652747,Directed
623730,760664,Directed
623730,817255,Directed
623730,827256,Directed
623730,917287,Directed
624049,172462,Directed
624049,315940,Directed
624049,570165,Directed
624049,723355,Directed
624049,809936,Directed
627599,139663,Directed
627599,411493,Directed
627599,660924,Directed
635489,269137,Directed
635489,277250,Directed
635489,313048,Directed
635489,427413,Directed
635489,516216,Directed
635489,710651,Directed
635489,741671,Directed
635489,795286,Directed
635489,874125,Directed
635489,939645,Directed
635536,105933,Directed
635536,473193,Directed
637827,33428,Directed
637827,330419,Directed
637827,344930,Directed
637827,393065,Directed
637827,623730,Directed
637827,663942,Directed
637827,689617,Directed
637827,756573,Directed
637827,783480,Directed
637827,852710,Directed
648523,293406,Directed
648523,473193,Directed
648523,490739,Directed
648523,852710,Directed
650196,67884,Directed
651412,94059,Directed
651412,188152,Directed
651412,564206,Directed
651412,652747,Directed
651412,705558,Directed
651412,852710,Directed
651766,466896,Directed
651766,474064,Directed
652747,83588,Directed
652747,243740,Directed
652747,495162,Directed
652747,837286,Directed
652916,8268,Directed
652916,130507,Directed
652916,200148,Directed
652916,507664,Directed
652916,549876,Directed
652916,604283,Directed
652916,653518,Directed
652916,762859,Directed
652916,857862,Directed
653288,206285,Directed
653288,460550,Directed
653288,466896,Directed
653288,480597,Directed
653288,652747,Directed
653288,695630,Directed
653288,762563,Directed
653288,789840,Directed
653898,38796,Directed
653898,129665,Directed
653898,328310,Directed
653898,551869,Directed
653898,687575,Directed
655211,78162,Directed
655211,94059,Directed
655211,188152,Directed
655211,198307,Directed
655211,315940,Directed
655211,330419,Directed
655211,395522,Directed
655211,622820,Directed
655211,689617,Directed
655211,698186,Directed
655211,714875,Directed
655211,756573,Directed
655211,794425,Directed
655211,917287,Directed
658225,598763,Directed
658225,800443,Directed
660924,245747,Directed
662404,217818,Directed
662404,371166,Directed
662404,406500,Directed
662404,430832,Directed
662404,460550,Directed
662404,570165,Directed
662404,642729,Directed
662404,712584,Directed
662404,789840,Directed
662404,809936,Directed
662404,969631,Directed
663320,235597,Directed
663320,567379,Directed
663320,884986,Directed
664421,390552,Directed
664889,453466,Directed
665457,417947,Directed
665457,464029,Directed
665457,788633,Directed
668974,258304,Directed
668974,870766,Directed
669321,245747,Directed
669321,421466,Directed
669321,429223,Directed
675871,33428,Directed
675871,38308,Directed
675871,173104,Directed
675871,198307,Directed
675871,251169,Directed
675871,330419,Directed
675871,389279,Directed
675871,394026,Directed
675871,418404,Directed
675871,474064,Directed
675871,586259,Directed
675871,734241,Directed
675871,760664,Directed
675871,772920,Directed
675871,817255,Directed
675871,847044,Directed
675871,917287,Directed
676461,125695,Directed
676461,196135,Directed
676461,256009,Directed
676461,331182,Directed
676461,383225,Directed
676461,561887,Directed
676461,619925,Directed
676461,688410,Directed
679770,417947,Directed
680186,73141,Directed
680186,464007,Directed
682013,32910,Directed
682013,75122,Directed
682013,111050,Directed
682013,122489,Directed
682013,181552,Directed
682013,313531,Directed
682013,464427,Directed
682013,542572,Directed
682013,736987,Directed
682013,938668,Directed
684459,3428,Directed
684459,394410,Directed
684459,673140,Directed
684459,786605,Directed
686503,68817,Directed
686503,129665,Directed
686503,464007,Directed
687575,47597,Directed
687575,463517,Directed
687575,836203,Directed
688410,66345,Directed
688410,256009,Directed
688410,893040,Directed
690608,362057,Directed
691298,642729,Directed
691298,789840,Directed
693228,175261,Directed
693228,337782,Directed
693228,397503,Directed
695630,460550,Directed
695630,474064,Directed
695630,484938,Directed
695630,570165,Directed
695630,652747,Directed
695630,769932,Directed
697359,90599,Directed
697359,127348,Directed
697359,139663,Directed
697359,169357,Directed
697359,411493,Directed
697359,567379,Directed
697359,762293,Directed
697359,906384,Directed
698073,623730,Directed
698186,663942,Directed
703443,394026,Directed
703443,430832,Directed
703443,517993,Directed
703443,772920,Directed
705558,647762,Directed
710410,741671,Directed
710410,908186,Directed
710651,58981,Directed
710651,203378,Directed
710651,961542,Directed
711215,183403,Directed
711215,353813,Directed
711275,751740,Directed
711333,147677,Directed
711333,157440,Directed
711333,262703,Directed
711333,605595,Directed
711333,824622,Directed
711333,860045,Directed
711333,870270,Directed
713008,721631,Directed
713786,20620,Directed
713786,105933,Directed
713786,330419,Directed
713786,450925,Directed
713786,540260,Directed
713786,590169,Directed
713786,775392,Directed
713786,824622,Directed
714875,38308,Directed
714875,78175,Directed
714875,367748,Directed
714875,394026,Directed
714875,397503,Directed
714875,466896,Directed
714875,474064,Directed
714875,651766,Directed
714875,698186,Directed
714875,734241,Directed
714875,760416,Directed
714875,949596,Directed
717785,69299,Directed
717785,180642,Directed
717785,221190,Directed
717785,294688,Directed
717785,312310,Directed
717785,582085,Directed
717785,620063,Directed
717785,650196,Directed
717785,739879,Directed
717785,783439,Directed
717785,924485,Directed
719970,115432,Directed
719970,152076,Directed
719970,193873,Directed
719970,206285,Directed
719970,251169,Directed
719970,330419,Directed
719970,331182,Directed
719970,352724,Directed
719970,367748,Directed
719970,394026,Directed
719970,417947,Directed
719970,433532,Directed
719970,457515,Directed
719970,495162,Directed
719970,570165,Directed
719970,607806,Directed
719970,663942,Directed
719970,665457,Directed
719970,769932,Directed
719970,777783,Directed
719970,847044,Directed
722707,269137,Directed
722707,939645,Directed
723355,237336,Directed
723355,425060,Directed
725464,243740,Directed
725464,493107,Directed
725809,164407,Directed
725809,809643,Directed
725968,887899,Directed
727942,538372,Directed
728051,477291,Directed
728051,762859,Directed
728051,924485,Directed
729086,159664,Directed
730240,553539,Directed
731658,679758,Directed
733170,105933,Directed
733170,147677,Directed
733170,713786,Directed
733170,886143,Directed
733170,935380,Directed
734241,173104,Directed
734241,198307,Directed
734241,251169,Directed
734241,394026,Directed
734241,586259,Directed
734241,760416,Directed
734241,917287,Directed
734466,138484,Directed
734466,199391,Directed
736386,538853,Directed
736785,109181,Directed
736785,180642,Directed
736785,227692,Directed
736785,257049,Directed
736785,475002,Directed
736785,775288,Directed
736987,886890,Directed
739794,236896,Directed
739879,718679,Directed
744538,69299,Directed
744538,143022,Directed
744538,528997,Directed
744538,788503,Directed
744538,843699,Directed
749126,419230,Directed
749126,453466,Directed
750650,427552,Directed
750650,447372,Directed
754759,172462,Directed
754759,188152,Directed
754759,454323,Directed
754759,460550,Directed
754759,469668,Directed
754759,485995,Directed
754759,564206,Directed
754759,570165,Directed
754759,577224,Directed
754759,652747,Directed
754759,769932,Directed
756573,173104,Directed
756573,198307,Directed
756573,389279,Directed
756573,466896,Directed
756573,949596,Directed
760235,371166,Directed
760235,809936,Directed
760416,330419,Directed
760416,651766,Directed
760416,760664,Directed
760664,78175,Directed
760664,509826,Directed
760664,570165,Directed
760664,652747,Directed
760664,960245,Directed
762293,697359,Directed
762859,138755,Directed
762859,773389,Directed
766344,76138,Directed
766344,272006,Directed
766344,385014,Directed
766344,604011,Directed
766344,894994,Directed
767491,195136,Directed
768431,75122,Directed
768431,318287,Directed
768431,576531,Directed
768431,680186,Directed
769240,296216,Directed
769321,270919,Directed
770667,507966,Directed
772801,66345,Directed
772801,256009,Directed
772801,893040,Directed
772920,38308,Directed
772920,152076,Directed
772920,330419,Directed
772920,339616,Directed
772920,397503,Directed
772920,698186,Directed
772920,760416,Directed
773389,27453,Directed
773389,159664,Directed
773389,292704,Directed
773389,668974,Directed
773389,736785,Directed
773407,139663,Directed
773407,660924,Directed
775392,897156,Directed
777783,217818,Directed
777783,460550,Directed
777783,616279,Directed
777783,652747,Directed
777783,789840,Directed
783439,82196,Directed
783480,330419,Directed
783480,339616,Directed
783480,344930,Directed
783480,466896,Directed
783480,484938,Directed
783480,509826,Directed
783480,653288,Directed
783480,714875,Directed
783480,760664,Directed
784533,718679,Directed
786605,507664,Directed
786605,517600,Directed
786605,584320,Directed
786605,682577,Directed
786605,750650,Directed
789840,570165,Directed
789840,652747,Directed
789840,723355,Directed
789840,861535,Directed
789840,912619,Directed
792942,46040,Directed
792942,99906,Directed
792942,339616,Directed
792942,367748,Directed
792942,570165,Directed
794416,188152,Directed
794416,263107,Directed
794416,469668,Directed
794416,564206,Directed
794416,622820,Directed
794416,689617,Directed
794425,389279,Directed
794425,466896,Directed
794425,570165,Directed
794425,917287,Directed
795286,538372,Directed
798371,170470,Directed
798371,473193,Directed
798371,538372,Directed
799121,43242,Directed
799121,78162,Directed
799121,112993,Directed
799121,173104,Directed
799121,188152,Directed
799121,198307,Directed
799121,263107,Directed
799121,330419,Directed
799121,371322,Directed
799121,394026,Directed
799121,563725,Directed
799121,622820,Directed
799121,637827,Directed
799121,675871,Directed
799121,698186,Directed
799121,714875,Directed
799121,734241,Directed
799121,794416,Directed
799846,313531,Directed
800443,679758,Directed
800443,731658,Directed
800735,170810,Directed
800735,258304,Directed
800735,324923,Directed
800735,353813,Directed
800735,924485,Directed
801274,139663,Directed
801274,411493,Directed
805016,78162,Directed
805016,842005,Directed
805293,166246,Directed
805293,311903,Directed
805293,475514,Directed
805293,533833,Directed
809643,123279,Directed
809643,861061,Directed
809936,495162,Directed
809936,765295,Directed
809936,880450,Directed
810489,181552,Directed
810715,45670,Directed
812224,182990,Directed
812224,523484,Directed
817255,371327,Directed
817255,460550,Directed
817255,616279,Directed
817255,642729,Directed
817255,953434,Directed
817255,969631,Directed
818148,163,Directed
818148,32910,Directed
818148,38796,Directed
818148,45980,Directed
818148,75122,Directed
818148,464007,Directed
818148,836203,Directed
818358,46253,Directed
818358,68817,Directed
818358,482485,Directed
818358,653898,Directed
818358,686503,Directed
818358,687575,Directed
819295,33428,Directed
819295,105933,Directed
819295,149528,Directed
819295,213254,Directed
819295,713786,Directed
819295,861535,Directed
821216,21956,Directed
821216,371322,Directed
821216,415022,Directed
821216,466896,Directed
821216,563725,Directed
821216,651766,Directed
821216,714875,Directed
821216,783480,Directed
821216,852710,Directed
824622,263107,Directed
824622,403869,Directed
824622,415022,Directed
827256,344930,Directed
827256,394026,Directed
827256,484938,Directed
827256,561887,Directed
827256,616279,Directed
827256,663942,Directed
827256,691298,Directed
830442,365355,Directed
830442,691771,Directed
834738,245747,Directed
834888,301008,Directed
834888,447372,Directed
836203,73141,Directed
837286,464029,Directed
837286,782394,Directed
839423,39510,Directed
839423,231715,Directed
843699,751835,Directed
843865,566348,Directed
843865,604011,Directed
843865,809643,Directed
847044,367748,Directed
847044,418404,Directed
847044,817255,Directed
847044,917287,Directed
849079,697359,Directed
849711,152076,Directed
851051,269905,Directed
851051,330419,Directed
851051,361524,Directed
851051,450925,Directed
851051,466896,Directed
851051,821216,Directed
851051,864535,Directed
851051,886143,Directed
852499,234571,Directed
852499,698186,Directed
852499,953434,Directed
852710,86293,Directed
852710,108058,Directed
852710,217818,Directed
852710,315940,Directed
852710,652747,Directed
852710,689617,Directed
854647,471909,Directed
855712,331182,Directed
855712,470650,Directed
855712,561887,Directed
855712,827256,Directed
857288,313048,Directed
857862,427552,Directed
857862,447372,Directed
857862,918926,Directed
858073,50277,Directed
858073,229015,Directed
858073,269137,Directed
858073,561887,Directed
858073,893040,Directed
858073,908732,Directed
858073,955142,Directed
860045,133129,Directed
860045,147677,Directed
860045,344930,Directed
860045,623730,Directed
860045,635536,Directed
860045,824622,Directed
860045,870270,Directed
861056,607022,Directed
862591,20620,Directed
862591,105933,Directed
862591,112993,Directed
862591,517978,Directed
862591,540260,Directed
862591,795286,Directed
862591,798371,Directed
862591,821216,Directed
862591,870270,Directed
864535,243740,Directed
864535,430832,Directed
864535,493107,Directed
864535,723355,Directed
864535,809936,Directed
864535,917164,Directed
867427,235597,Directed
867427,421466,Directed
867427,567379,Directed
867427,697359,Directed
867427,766344,Directed
867427,884986,Directed
867427,894994,Directed
869541,34143,Directed
869541,234063,Directed
869541,343585,Directed
869541,718679,Directed
869541,924252,Directed
869931,686503,Directed
870270,105933,Directed
870270,147677,Directed
870270,157440,Directed
870270,590169,Directed
870270,635536,Directed
870270,824622,Directed
874125,62322,Directed
874125,710410,Directed
875536,268885,Directed
881626,313669,Directed
881626,969631,Directed
884986,76138,Directed
884986,252912,Directed
884986,385014,Directed
884986,766344,Directed
886143,33428,Directed
886143,198307,Directed
886143,847044,Directed
886143,861535,Directed
886147,109245,Directed
886147,226930,Directed
886890,464427,Directed
892129,196135,Directed
892129,447372,Directed
892129,619925,Directed
892129,961542,Directed
893040,908732,Directed
894994,604011,Directed
897156,243740,Directed
897156,880450,Directed
909362,857288,Directed
912619,425060,Directed
912619,723355,Directed
915341,312310,Directed
917164,142900,Directed
917287,117249,Directed
917287,663942,Directed
917547,164407,Directed
917547,697359,Directed
917547,942407,Directed
918926,725464,Directed
924485,751835,Directed
935380,473193,Directed
935380,490739,Directed
935380,713786,Directed
938668,362095,Directed
939476,725809,Directed
939476,809643,Directed
941012,627599,Directed
942407,145820,Directed
949596,78162,Directed
953434,217818,Directed
953434,624049,Directed
953434,723355,Directed
953434,762563,Directed
953434,788633,Directed
953434,789840,Directed
955142,234063,Directed
955142,616554,Directed
955142,710651,Directed
955142,713786,Directed
955142,908732,Directed
956944,99906,Directed
956944,118533,Directed
956944,284560,Directed
956944,570165,Directed
956944,586259,Directed
956944,652747,Directed
956944,675871,Directed
956944,772920,Directed
956944,852499,Directed
960644,199693,Directed
960644,251169,Directed
960644,339616,Directed
960644,433311,Directed
960644,886143,Directed
961542,93677,Directed
961542,256009,Directed
961542,688410,Directed
961542,893040,Directed
963714,245747,Directed
966109,125695,Directed
968128,85895,Directed
968128,562811,Directed
969631,36606,Directed
969631,371166,Directed
969631,480597,Directed
969631,809936,Directed
970263,339027,Directed
970263,682577,Directed
979375,421466,Directed
979375,597737,Directed
979375,697359,Directed
980821,604011,Directed
