Id,Label,PageRank,InDegree,OutDegree,Community,Url
847044,hep-th/9601038,85.97885681523914,474,7,658293,https://arxiv.org/abs/hep-th/9601038
418404,hep-th/9509080,35.75715186620949,156,1,853296,https://arxiv.org/abs/hep-th/9509080
143022,astro-ph/9506072,30.11447300831664,475,3,246082,https://arxiv.org/abs/astro-ph/9506072
121620,0805.2366,119.99785716172666,742,15,815264,https://arxiv.org/abs/0805.2366
526278,hep-ph/9806471,48.36370719008218,570,66,527053,https://arxiv.org/abs/hep-ph/9806471
283572,0803.0586,51.76049360075724,754,0,246082,https://arxiv.org/abs/0803.0586
398148,astro-ph/0108013,39.32420018282932,120,6,554767,https://arxiv.org/abs/astro-ph/0108013
214848,astro-ph/0003338,70.8505472100515,281,4,304946,https://arxiv.org/abs/astro-ph/0003338
673140,hep-ph/0010017,49.58300939135244,478,12,322217,https://arxiv.org/abs/hep-ph/0010017
376908,quant-ph/0001071,31.17368668723464,49,1,363873,https://arxiv.org/abs/quant-ph/0001071
237336,hep-th/9401133,151.9649234400433,29,0,487873,https://arxiv.org/abs/hep-th/9401133
607806,hep-th/9512196,30.63288267887805,100,27,658293,https://arxiv.org/abs/hep-th/9512196
98112,0810.3286,44.980844710419625,29,0,205709,https://arxiv.org/abs/0810.3286
653898,quant-ph/9608006,47.30537020485715,102,23,348415,https://arxiv.org/abs/quant-ph/9608006
500322,0709.1159,34.65846624464259,208,10,349940,https://arxiv.org/abs/0709.1159
189444,0903.2323,30.29943167437888,5,1,830328,https://arxiv.org/abs/0903.2323
769932,hep-th/9501068,151.84606029649743,364,1,658293,https://arxiv.org/abs/hep-th/9501068
580710,quant-ph/0205039,40.24307375774955,214,16,498325,https://arxiv.org/abs/quant-ph/0205039
152076,hep-th/9507048,92.70916442538562,245,1,658293,https://arxiv.org/abs/hep-th/9507048
466896,hep-th/9510017,447.30677773632004,1410,3,658293,https://arxiv.org/abs/hep-th/9510017
371166,hep-th/9408099,242.10970592283982,1288,5,80094,https://arxiv.org/abs/hep-th/9408099
736320,hep-th/9502010,38.41488035934298,161,1,735289,https://arxiv.org/abs/hep-th/9502010
257490,quant-ph/9605038,51.40963385253659,98,2,830301,https://arxiv.org/abs/quant-ph/9605038
679758,quant-ph/9605034,98.91895449581921,124,1,336545,https://arxiv.org/abs/quant-ph/9605034
138228,gr-qc/9810083,45.11230146062125,28,0,345230,https://arxiv.org/abs/gr-qc/9810083
682272,nucl-ex/9711003,36.8966284062776,81,4,436635,https://arxiv.org/abs/nucl-ex/9711003
516828,1312.5853,33.4483403461838,11,0,697359,https://arxiv.org/abs/1312.5853
834738,1503.02531,59.67963250172154,506,1,697359,https://arxiv.org/abs/1503.02531
33192,hep-ex/9803006,64.12400736603726,122,0,741426,https://arxiv.org/abs/hep-ex/9803006
185046,hep-th/9501022,31.902733555779225,63,8,658293,https://arxiv.org/abs/hep-th/9501022
4668,hep-th/9810155,55.787126609452564,952,55,73078,https://arxiv.org/abs/hep-th/9810155
352392,hep-th/9501071,31.468546946967912,200,22,700093,https://arxiv.org/abs/hep-th/9501071
8268,hep-ph/9703442,32.39853592971294,206,5,67686,https://arxiv.org/abs/hep-ph/9703442
734466,1606.00915,40.18736480204752,353,32,697359,https://arxiv.org/abs/1606.00915
867036,hep-ex/0105044,36.25206219120465,126,0,946271,https://arxiv.org/abs/hep-ex/0105044
878550,hep-ph/9508391,41.8357438454415,156,0,260814,https://arxiv.org/abs/hep-ph/9508391
160290,hep-ph/9812296,43.615708725726506,183,1,345230,https://arxiv.org/abs/hep-ph/9812296
32910,quant-ph/9604024,165.40053309533843,306,14,830301,https://arxiv.org/abs/quant-ph/9604024
522972,hep-th/9806039,51.17882373207035,418,4,246082,https://arxiv.org/abs/hep-th/9806039
39510,1512.03385,155.247217978539,1195,10,697359,https://arxiv.org/abs/1512.03385
394410,hep-ph/0210213,42.70515757079246,538,22,322217,https://arxiv.org/abs/hep-ph/0210213
80772,hep-th/9403108,30.375027171313267,366,4,644835,https://arxiv.org/abs/hep-th/9403108
783480,hep-th/9602064,56.47494726025336,192,27,658293,https://arxiv.org/abs/hep-th/9602064
412584,hep-ph/9612449,34.53197836373986,37,1,936761,https://arxiv.org/abs/hep-ph/9612449
497388,1309.2388,30.163633092002655,121,0,577421,https://arxiv.org/abs/1309.2388
760416,hep-th/9511043,88.5159235471848,270,9,658293,https://arxiv.org/abs/hep-th/9511043
908460,0704.3011,42.68825622493721,183,9,882508,https://arxiv.org/abs/0704.3011
252546,hep-th/9803001,63.3619274117644,982,19,852004,https://arxiv.org/abs/hep-th/9803001
679770,hep-th/9407021,32.671245337886,10,5,658293,https://arxiv.org/abs/hep-th/9407021
697254,1002.4546,33.2502175629321,163,9,799662,https://arxiv.org/abs/1002.4546
705558,hep-th/9210119,43.0664421755985,115,14,674918,https://arxiv.org/abs/hep-th/9210119
61278,1412.6572,53.205735199302474,605,3,778300,https://arxiv.org/abs/1412.6572
514824,cond-mat/0401115,34.12995299137819,67,0,464313,https://arxiv.org/abs/cond-mat/0401115
899178,nucl-ex/0008005,33.200296767992384,28,1,107844,https://arxiv.org/abs/nucl-ex/0008005
361524,hep-th/9802150,384.5817711588546,6600,21,218682,https://arxiv.org/abs/hep-th/9802150
766344,1411.2539,85.65749753312922,156,7,377304,https://arxiv.org/abs/1411.2539
688410,hep-th/9805157,60.130886435252705,169,27,677654,https://arxiv.org/abs/hep-th/9805157
147270,1612.05560,70.7985992451595,403,11,102129,https://arxiv.org/abs/1612.05560
751740,hep-ph/0202270,33.03221432891422,259,14,590098,https://arxiv.org/abs/hep-ph/0202270
534144,1412.2604,44.898593091561956,2,4,697359,https://arxiv.org/abs/1412.2604
201084,hep-th/9505073,48.29425353980158,93,13,658293,https://arxiv.org/abs/hep-th/9505073
736386,hep-ph/9708256,43.82084609393805,18,8,67094,https://arxiv.org/abs/hep-ph/9708256
394026,hep-th/9512059,111.97387770082766,513,20,658293,https://arxiv.org/abs/hep-th/9512059
733170,hep-th/9802183,54.46067919721029,549,12,506615,https://arxiv.org/abs/hep-th/9802183
818148,quant-ph/9605005,65.53921821763724,85,14,348415,https://arxiv.org/abs/quant-ph/9605005
830442,hep-th/9611004,67.97685187104553,42,4,52066,https://arxiv.org/abs/hep-th/9611004
622212,hep-th/9606017,33.208630211995725,135,15,658293,https://arxiv.org/abs/hep-th/9606017
273216,astro-ph/0302213,33.130689184493704,259,4,748379,https://arxiv.org/abs/astro-ph/0302213
965532,math/9506012,30.945282660252502,65,0,543624,https://arxiv.org/abs/math/9506012
940956,math/0211065,244.43044385421018,3,0,723276,https://arxiv.org/abs/math/0211065
832068,hep-ph/9612313,32.38921353166602,251,2,197724,https://arxiv.org/abs/hep-ph/9612313
766788,hep-th/9202020,35.190099692196824,12,0,825438,https://arxiv.org/abs/hep-th/9202020
516216,astro-ph/9908168,45.03373322350259,609,2,246082,https://arxiv.org/abs/astro-ph/9908168
433140,cs/0607105,50.97569147708773,58,6,945607,https://arxiv.org/abs/cs/0607105
355644,1603.01533,48.03550022836146,29,2,112061,https://arxiv.org/abs/1603.01533
12,q-alg/9709040,185.30789587036395,773,6,835092,https://arxiv.org/abs/q-alg/9709040
36606,hep-th/9502072,127.09208086663998,183,15,658293,https://arxiv.org/abs/hep-th/9502072
99906,hep-th/9610236,37.4551153513023,119,7,281673,https://arxiv.org/abs/hep-th/9610236
775392,hep-th/9605009,37.21898684955891,148,18,644835,https://arxiv.org/abs/hep-th/9605009
385014,1409.2329,98.8458663952655,399,11,843965,https://arxiv.org/abs/1409.2329
252912,1405.0312,71.24624246720055,172,0,697359,https://arxiv.org/abs/1405.0312
406500,hep-th/9411048,102.18953069550119,300,3,80094,https://arxiv.org/abs/hep-th/9411048
180642,astro-ph/0012376,40.707491597990554,313,6,246082,https://arxiv.org/abs/astro-ph/0012376
240834,hep-th/9709220,40.96872415008425,268,32,281673,https://arxiv.org/abs/hep-th/9709220
526692,hep-lat/9503018,49.93455858210818,9,2,371033,https://arxiv.org/abs/hep-lat/9503018
789840,hep-th/9504027,147.45232548171717,126,19,658293,https://arxiv.org/abs/hep-th/9504027
495162,hep-th/9401139,209.70296686801115,462,11,83055,https://arxiv.org/abs/hep-th/9401139
959484,hep-ph/0508110,38.07710391356461,346,3,322217,https://arxiv.org/abs/hep-ph/0508110
62322,hep-th/9809124,57.517808568893805,213,13,677654,https://arxiv.org/abs/hep-th/9809124
290490,hep-ph/9703303,32.143504598869924,21,1,217489,https://arxiv.org/abs/hep-ph/9703303
507966,hep-th/9711162,96.68463287120069,1065,17,271284,https://arxiv.org/abs/hep-th/9711162
719970,hep-th/9607201,50.81005831584777,379,70,658293,https://arxiv.org/abs/hep-th/9607201
290808,1312.5602,67.79317210752926,456,0,933208,https://arxiv.org/abs/1312.5602
516390,hep-th/9407111,234.67293285666634,43,5,658293,https://arxiv.org/abs/hep-th/9407111
932160,hep-ph/9503280,100.96168654354955,167,0,66367,https://arxiv.org/abs/hep-ph/9503280
240396,astro-ph/0207156,290.0934699341966,925,0,450604,https://arxiv.org/abs/astro-ph/0207156
353916,hep-th/9406196,38.526162005666734,22,1,634024,https://arxiv.org/abs/hep-th/9406196
475002,astro-ph/9809043,38.344044546902495,35,13,12886,https://arxiv.org/abs/astro-ph/9809043
67884,astro-ph/9708036,65.19401509143242,46,10,139048,https://arxiv.org/abs/astro-ph/9708036
818358,quant-ph/9712048,41.579406412954455,147,17,80157,https://arxiv.org/abs/quant-ph/9712048
777114,gr-qc/9312002,52.49540281956635,74,0,644835,https://arxiv.org/abs/gr-qc/9312002
549876,hep-ph/9701231,34.250526032993434,130,5,67686,https://arxiv.org/abs/hep-ph/9701231
589242,1509.02971,66.9902973846408,452,8,933208,https://arxiv.org/abs/1509.02971
827256,hep-th/9512219,68.79598825288572,193,16,658293,https://arxiv.org/abs/hep-th/9512219
347166,1107.2490,207.01567918238354,27,0,697359,https://arxiv.org/abs/1107.2490
712584,hep-th/9308122,35.79956034549608,178,1,658293,https://arxiv.org/abs/hep-th/9308122
711036,0804.2509,47.09933009181027,202,8,80121,https://arxiv.org/abs/0804.2509
806466,0804.1036,32.68707315771831,22,1,66152,https://arxiv.org/abs/0804.1036
293406,hep-th/9601177,32.97626964623401,159,44,259100,https://arxiv.org/abs/hep-th/9601177
650196,astro-ph/9805201,131.19115417559945,2645,2,246082,https://arxiv.org/abs/astro-ph/9805201
219120,hep-ph/9807513,36.19533514671774,300,8,590098,https://arxiv.org/abs/hep-ph/9807513
731658,quant-ph/9605043,131.06278991951277,251,3,336545,https://arxiv.org/abs/quant-ph/9605043
200148,hep-ph/9309299,36.56360280771028,209,0,713694,https://arxiv.org/abs/hep-ph/9309299
949620,0904.3523,31.85463976039182,35,5,370710,https://arxiv.org/abs/0904.3523
76878,1410.4615,39.014558102359,115,11,843965,https://arxiv.org/abs/1410.4615
301008,hep-ph/9811350,43.01592326066598,415,21,799393,https://arxiv.org/abs/hep-ph/9811350
949596,hep-th/9510134,30.632903440609606,100,27,259100,https://arxiv.org/abs/hep-th/9510134
230550,hep-ph/9807278,41.44250171157272,860,51,226631,https://arxiv.org/abs/hep-ph/9807278
158850,astro-ph/0306213,87.31847471805344,376,4,40708,https://arxiv.org/abs/astro-ph/0306213
577224,hep-th/9308139,340.25359853068824,117,3,707647,https://arxiv.org/abs/hep-th/9308139
217818,hep-th/9504047,176.2699929035343,155,21,658293,https://arxiv.org/abs/hep-th/9504047
364248,0801.0287,57.83351460428631,503,88,856149,https://arxiv.org/abs/0801.0287
509826,hep-th/9504081,85.21391660252348,323,5,658293,https://arxiv.org/abs/hep-th/9504081
754098,hep-ex/9711002,49.10886219748604,172,0,197069,https://arxiv.org/abs/hep-ex/9711002
867084,nucl-ex/0106015,31.93567157123041,445,4,197069,https://arxiv.org/abs/nucl-ex/0106015
782394,hep-th/9311120,52.24759492205671,16,1,658293,https://arxiv.org/abs/hep-th/9311120
41202,1406.2199,51.90067213498339,24,3,684374,https://arxiv.org/abs/1406.2199
924732,gr-qc/0401013,34.70505404076856,28,1,798409,https://arxiv.org/abs/gr-qc/0401013
447372,hep-ph/9811291,59.2554977433155,444,23,799393,https://arxiv.org/abs/hep-ph/9811291
337782,hep-th/9603003,55.91644991692613,332,19,658293,https://arxiv.org/abs/hep-th/9603003
561366,astro-ph/0104459,34.92578083423449,198,15,12886,https://arxiv.org/abs/astro-ph/0104459
38796,quant-ph/9602022,79.60426752661373,32,0,348415,https://arxiv.org/abs/quant-ph/9602022
434970,1403.6015,30.57341958863321,80,2,864645,https://arxiv.org/abs/1403.6015
484938,hep-th/9506126,63.579825121575624,246,14,658293,https://arxiv.org/abs/hep-th/9506126
69282,cond-mat/0007360,51.063832937006005,240,4,47966,https://arxiv.org/abs/cond-mat/0007360
380736,nucl-th/9509032,32.025080854103834,96,0,538519,https://arxiv.org/abs/nucl-th/9509032
961542,hep-ph/9807344,96.18086302831601,979,11,513963,https://arxiv.org/abs/hep-ph/9807344
660924,1312.6229,179.41285543862983,380,1,697359,https://arxiv.org/abs/1312.6229
640848,astro-ph/9905116,140.45523148614237,380,0,556956,https://arxiv.org/abs/astro-ph/9905116
663942,hep-th/9507121,178.21279175207735,571,0,658293,https://arxiv.org/abs/hep-th/9507121
924252,hep-th/0106109,37.6389626468402,520,11,906660,https://arxiv.org/abs/hep-th/0106109
814770,hep-ph/0204357,34.536851868159744,181,29,643884,https://arxiv.org/abs/hep-ph/0204357
824622,hep-th/9704005,84.18021362508163,125,4,506615,https://arxiv.org/abs/hep-th/9704005
43242,hep-th/9603061,30.19462730820913,155,36,259100,https://arxiv.org/abs/hep-th/9603061
78162,hep-th/9306069,163.48680109886078,472,0,158248,https://arxiv.org/abs/hep-th/9306069
469668,hep-th/9205027,46.34026702039313,98,0,610437,https://arxiv.org/abs/hep-th/9205027
801366,hep-th/9612115,38.405084305059866,655,2,517884,https://arxiv.org/abs/hep-th/9612115
897156,hep-th/9503121,40.83052763700003,476,2,218682,https://arxiv.org/abs/hep-th/9503121
746628,hep-ph/9504326,40.504171988983,59,1,946271,https://arxiv.org/abs/hep-ph/9504326
906384,1311.2901,274.6225269460252,178,2,697359,https://arxiv.org/abs/1311.2901
80094,hep-th/9503163,39.176100838212605,271,6,80094,https://arxiv.org/abs/hep-th/9503163
600594,hep-th/9505062,36.01975526971972,373,15,80094,https://arxiv.org/abs/hep-th/9505062
670782,hep-th/9906070,34.2778816669693,764,7,430130,https://arxiv.org/abs/hep-th/9906070
157440,hep-th/9712073,46.19319990212307,54,4,506615,https://arxiv.org/abs/hep-th/9712073
693228,hep-th/9605199,33.444542447141814,215,17,658293,https://arxiv.org/abs/hep-th/9605199
772920,hep-th/9512062,101.56462165642841,328,13,658293,https://arxiv.org/abs/hep-th/9512062
792942,hep-th/9611202,53.121428677440065,193,15,658293,https://arxiv.org/abs/hep-th/9611202
523272,gr-qc/0204090,33.02095657309649,156,13,66152,https://arxiv.org/abs/gr-qc/0204090
164580,1312.6120,83.09492392051494,171,0,697359,https://arxiv.org/abs/1312.6120
963714,1302.4389,79.06133594165892,147,2,697359,https://arxiv.org/abs/1302.4389
598764,math/9807049,49.008091607455505,94,0,391291,https://arxiv.org/abs/math/9807049
120288,0706.1062,39.35368009446908,109,2,880265,https://arxiv.org/abs/0706.1062
216570,hep-lat/9609035,35.01323426913438,218,8,243139,https://arxiv.org/abs/hep-lat/9609035
739794,astro-ph/9806374,56.45168036253658,31,1,12886,https://arxiv.org/abs/astro-ph/9806374
221190,astro-ph/9506070,43.619404639633466,140,4,627932,https://arxiv.org/abs/astro-ph/9506070
623730,hep-th/9602022,99.86593050480023,910,21,48666,https://arxiv.org/abs/hep-th/9602022
390552,hep-th/9212043,122.11575441034522,57,3,541031,https://arxiv.org/abs/hep-th/9212043
371322,hep-th/9606185,47.30673779377661,235,30,20620,https://arxiv.org/abs/hep-th/9606185
437946,astro-ph/0510346,47.2370276406401,474,0,436554,https://arxiv.org/abs/astro-ph/0510346
886890,quant-ph/9505019,35.34900026768467,11,5,599207,https://arxiv.org/abs/quant-ph/9505019
295428,1411.6836,47.22414035275845,6,1,697359,https://arxiv.org/abs/1411.6836
460278,hep-th/9604042,50.38218462986869,214,15,20620,https://arxiv.org/abs/hep-th/9604042
19794,1202.1499,35.19161166921193,94,0,94099,https://arxiv.org/abs/1202.1499
834888,hep-th/9906038,53.149110965631024,464,10,747419,https://arxiv.org/abs/hep-th/9906038
872796,cond-mat/0604211,44.018630664667874,34,5,328354,https://arxiv.org/abs/cond-mat/0604211
535572,quant-ph/9707002,42.935547601255514,66,7,599207,https://arxiv.org/abs/quant-ph/9707002
611070,hep-th/9301042,40.796599555076085,861,0,749052,https://arxiv.org/abs/hep-th/9301042
616554,hep-th/9803131,96.6128346425406,1993,52,95741,https://arxiv.org/abs/hep-th/9803131
352992,astro-ph/9506094,33.05287302040749,4,1,957629,https://arxiv.org/abs/astro-ph/9506094
331182,hep-th/9603142,65.917075121983,819,4,658293,https://arxiv.org/abs/hep-th/9603142
402486,1212.0901,103.80819132769776,8,2,843965,https://arxiv.org/abs/1212.0901
857862,hep-ph/0312045,38.83581021267865,521,8,126308,https://arxiv.org/abs/hep-ph/0312045
292704,astro-ph/9808264,92.8009494607322,81,18,12886,https://arxiv.org/abs/astro-ph/9808264
359286,gr-qc/0405109,60.04638435865631,968,0,804794,https://arxiv.org/abs/gr-qc/0405109
362652,gr-qc/0110034,48.652471574744325,494,220,353358,https://arxiv.org/abs/gr-qc/0110034
594288,hep-ph/0412158,78.20907918391069,617,937,594288,https://arxiv.org/abs/hep-ph/0412158
566406,math/0212321,33.94745251514934,39,0,659872,https://arxiv.org/abs/math/0212321
870270,hep-th/9801076,40.42541818550462,43,19,506615,https://arxiv.org/abs/hep-th/9801076
439632,hep-ph/0103234,31.1342673502867,90,4,436635,https://arxiv.org/abs/hep-ph/0103234
893040,hep-ph/9804398,137.44215277115853,1837,2,513963,https://arxiv.org/abs/hep-ph/9804398
528997,1306.2144,33.07222111170135,332,6,499007,https://arxiv.org/abs/1306.2144
854647,hep-ph/0204244,36.479730157490216,867,28,322217,https://arxiv.org/abs/hep-ph/0204244
235597,1411.4389,32.12030103125099,96,6,377304,https://arxiv.org/abs/1411.4389
866677,astro-ph/0609591,111.54434497487505,811,0,246082,https://arxiv.org/abs/astro-ph/0609591
739879,astro-ph/0603449,318.3199131820484,2934,6,246082,https://arxiv.org/abs/astro-ph/0603449
819295,hep-th/9804085,38.04531248995559,540,21,694925,https://arxiv.org/abs/hep-th/9804085
620653,0812.5023,51.45571424599743,352,7,398101,https://arxiv.org/abs/0812.5023
532255,hep-ph/0010175,42.294042872979524,367,22,750425,https://arxiv.org/abs/hep-ph/0010175
801061,1606.01540,31.771105388411723,293,3,933208,https://arxiv.org/abs/1606.01540
476803,hep-ph/9511228,32.86228509278389,47,0,594288,https://arxiv.org/abs/hep-ph/9511228
90301,hep-th/9510016,127.25493753398348,5,5,658293,https://arxiv.org/abs/hep-th/9510016
288739,astro-ph/9803073,104.22391848714284,31,4,957629,https://arxiv.org/abs/astro-ph/9803073
773407,1409.0575,110.2612468044692,182,8,697359,https://arxiv.org/abs/1409.0575
162847,hep-ph/0002213,31.001783976016263,138,20,226963,https://arxiv.org/abs/hep-ph/0002213
850033,hep-ph/9403226,40.478715996102615,820,10,541704,https://arxiv.org/abs/hep-ph/9403226
229015,hep-th/9905210,30.605142438392793,265,48,345230,https://arxiv.org/abs/hep-th/9905210
828265,cond-mat/0310405,31.675688618824168,85,18,370064,https://arxiv.org/abs/cond-mat/0310405
361669,1607.02533,36.503008105214896,310,7,778300,https://arxiv.org/abs/1607.02533
840115,hep-ph/0007221,36.55590070774696,22,0,217372,https://arxiv.org/abs/hep-ph/0007221
551869,quant-ph/9605031,38.87576175107871,25,17,348415,https://arxiv.org/abs/quant-ph/9605031
268885,1006.0448,63.50785368557872,18,0,670118,https://arxiv.org/abs/1006.0448
566227,nucl-ex/0112006,30.538328429286615,55,4,107844,https://arxiv.org/abs/nucl-ex/0112006
231715,1412.7062,35.91341487166278,204,16,697359,https://arxiv.org/abs/1412.7062
681685,astro-ph/9809268,54.362787280293844,67,6,304946,https://arxiv.org/abs/astro-ph/9809268
723355,hep-th/9402032,162.15314959348285,193,3,658293,https://arxiv.org/abs/hep-th/9402032
263107,hep-th/9602065,73.99711365391622,386,10,395176,https://arxiv.org/abs/hep-th/9602065
689617,hep-th/9507090,53.266276355070474,200,0,259100,https://arxiv.org/abs/hep-th/9507090
722707,hep-ph/0002297,40.11365716306338,257,13,740215,https://arxiv.org/abs/hep-ph/0002297
861061,1206.1106,470.1208092144573,19,2,370710,https://arxiv.org/abs/1206.1106
630469,0905.2980,51.76394831852096,3,2,175862,https://arxiv.org/abs/0905.2980
78175,hep-th/9508143,140.3893811220068,390,12,658293,https://arxiv.org/abs/hep-th/9508143
464029,hep-th/9302109,68.8001817591416,31,0,610437,https://arxiv.org/abs/hep-th/9302109
848623,hep-ex/0505038,139.07246215768743,150,1,13819,https://arxiv.org/abs/hep-ex/0505038
475219,astro-ph/0004176,57.3387591559193,194,9,471993,https://arxiv.org/abs/astro-ph/0004176
429679,astro-ph/0310662,33.012600024820294,41,1,552237,https://arxiv.org/abs/astro-ph/0310662
691771,hep-th/9604128,87.25013751778803,95,4,52066,https://arxiv.org/abs/hep-th/9604128
924067,cond-mat/0309010,35.255673734956616,68,7,846567,https://arxiv.org/abs/cond-mat/0309010
199693,hep-th/9805170,31.61638569325413,500,16,590825,https://arxiv.org/abs/hep-th/9805170
198307,hep-th/9511088,75.11134990243453,96,9,658293,https://arxiv.org/abs/hep-th/9511088
582085,astro-ph/0205436,40.78329071477452,1007,51,417408,https://arxiv.org/abs/astro-ph/0205436
269137,hep-th/9906064,150.30097119474547,2891,13,345230,https://arxiv.org/abs/hep-th/9906064
260137,hep-th/9711165,48.580055795738055,563,6,271284,https://arxiv.org/abs/hep-th/9711165
849079,1602.07261,31.131291910643068,218,4,697359,https://arxiv.org/abs/1602.07261
754759,hep-th/9504147,53.4906881792402,260,29,259100,https://arxiv.org/abs/hep-th/9504147
648523,hep-th/9805028,37.08778187349269,582,13,218682,https://arxiv.org/abs/hep-th/9805028
783439,astro-ph/9608131,56.04549860770846,60,4,899079,https://arxiv.org/abs/astro-ph/9608131
360955,0910.1879,34.357390200821825,36,10,205709,https://arxiv.org/abs/0910.1879
621505,1109.2497,66.01080175267771,305,0,925178,https://arxiv.org/abs/1109.2497
725809,1511.06434,90.58847277138396,1021,17,787631,https://arxiv.org/abs/1511.06434
765295,hep-th/9402005,119.13052115893515,124,0,73078,https://arxiv.org/abs/hep-th/9402005
50539,hep-th/9510182,33.20153175332809,248,58,658293,https://arxiv.org/abs/hep-th/9510182
800443,quant-ph/9612026,62.02969986702852,54,2,336545,https://arxiv.org/abs/quant-ph/9612026
284755,cond-mat/0009244,49.537081147295474,241,9,47966,https://arxiv.org/abs/cond-mat/0009244
258949,gr-qc/9409015,32.071324551785516,132,2,949133,https://arxiv.org/abs/gr-qc/9409015
34831,hep-th/9902121,41.36307000333278,1012,20,95741,https://arxiv.org/abs/hep-th/9902121
719755,hep-lat/9707022,31.67177932037379,558,8,523159,https://arxiv.org/abs/hep-lat/9707022
80629,hep-th/9702103,35.31966248459121,357,27,610437,https://arxiv.org/abs/hep-th/9702103
640249,0705.2416,35.223016078376176,2,1,817301,https://arxiv.org/abs/0705.2416
205825,hep-th/9308112,42.135904081783224,31,0,459181,https://arxiv.org/abs/hep-th/9308112
12637,1409.5185,39.78700213157722,75,5,697359,https://arxiv.org/abs/1409.5185
624049,hep-th/9501030,157.4892544357679,95,12,658293,https://arxiv.org/abs/hep-th/9501030
533833,1306.1091,51.57333290620728,32,4,370710,https://arxiv.org/abs/1306.1091
765349,1406.1078,86.39371502378766,733,2,843965,https://arxiv.org/abs/1406.1078
58981,hep-ph/9806263,32.38157203849424,154,7,677654,https://arxiv.org/abs/hep-ph/9806263
593581,hep-th/9302103,50.667788507101356,217,0,499680,https://arxiv.org/abs/hep-th/9302103
429223,1308.4214,231.99508504088914,68,1,697359,https://arxiv.org/abs/1308.4214
313531,quant-ph/9908073,51.45595470271673,70,21,599207,https://arxiv.org/abs/quant-ph/9908073
686503,quant-ph/9707021,105.16251842438305,499,8,257234,https://arxiv.org/abs/quant-ph/9707021
567379,1412.2306,66.35204987984932,82,14,377304,https://arxiv.org/abs/1412.2306
517675,1401.1022,55.286287637674924,6,4,787631,https://arxiv.org/abs/1401.1022
773389,astro-ph/0212289,61.45694923163564,197,11,260455,https://arxiv.org/abs/astro-ph/0212289
682273,1310.6343,50.337100822951214,23,2,697359,https://arxiv.org/abs/1310.6343
48079,hep-th/9701049,40.365601880744286,11,0,181027,https://arxiv.org/abs/hep-th/9701049
340315,1012.2599,99.4718913018092,169,2,82400,https://arxiv.org/abs/1012.2599
532981,0803.0732,35.683734914192755,525,0,260814,https://arxiv.org/abs/0803.0732
335827,1009.5419,42.895244403483765,4,1,300209,https://arxiv.org/abs/1009.5419
517993,hep-th/9611230,53.91545727114975,895,21,325967,https://arxiv.org/abs/hep-th/9611230
675871,hep-th/9602052,166.00976345280162,506,34,658293,https://arxiv.org/abs/hep-th/9602052
794425,hep-th/9511026,74.54334291938315,72,7,658293,https://arxiv.org/abs/hep-th/9511026
419167,0704.3575,37.06213997600691,297,81,946271,https://arxiv.org/abs/0704.3575
169357,1403.6382,82.90105612704508,67,2,697359,https://arxiv.org/abs/1403.6382
772801,hep-ph/9806292,63.28068209163353,420,14,677654,https://arxiv.org/abs/hep-ph/9806292
217837,hep-th/9406179,53.050846344365276,4,0,767552,https://arxiv.org/abs/hep-th/9406179
343585,hep-th/9904017,39.19234823319039,615,43,302874,https://arxiv.org/abs/hep-th/9904017
4231,hep-ph/9804403,57.447674165981745,364,3,67094,https://arxiv.org/abs/hep-ph/9804403
74677,hep-ex/0112021,36.78401946669296,148,19,581898,https://arxiv.org/abs/hep-ex/0112021
234571,hep-th/9506194,170.63849224987246,87,9,658293,https://arxiv.org/abs/hep-th/9506194
285619,hep-th/9607163,49.42402516650738,407,4,487873,https://arxiv.org/abs/hep-th/9607163
373867,astro-ph/9609132,41.98130410243781,190,1,899079,https://arxiv.org/abs/astro-ph/9609132
284395,nucl-ex/9706006,35.90671984433783,185,0,741426,https://arxiv.org/abs/nucl-ex/9706006
164407,1502.03167,184.0011511559878,1242,4,697359,https://arxiv.org/abs/1502.03167
115699,hep-th/9509070,37.13708327811421,15,33,658293,https://arxiv.org/abs/hep-th/9509070
912619,hep-th/9406128,121.75782689224863,24,6,658293,https://arxiv.org/abs/hep-th/9406128
843865,1502.04623,37.90982403571235,200,9,787631,https://arxiv.org/abs/1502.04623
862765,hep-th/9305045,58.963700316262454,49,0,353358,https://arxiv.org/abs/hep-th/9305045
616459,astro-ph/9602007,67.84056232836086,1,0,12886,https://arxiv.org/abs/astro-ph/9602007
802843,nucl-ex/0204008,55.05608140823006,764,1,197069,https://arxiv.org/abs/nucl-ex/0204008
130507,hep-ph/9704448,31.440993183937614,623,4,181332,https://arxiv.org/abs/hep-ph/9704448
499429,astro-ph/0402512,37.68206529366256,814,12,246082,https://arxiv.org/abs/astro-ph/0402512
482881,math/0609764,38.82934680884974,201,6,400344,https://arxiv.org/abs/math/0609764
864535,hep-th/9503179,43.36906957458707,183,20,358445,https://arxiv.org/abs/hep-th/9503179
589591,hep-th/9611164,46.87483864906667,97,3,281673,https://arxiv.org/abs/hep-th/9611164
121189,hep-th/0105097,41.462536131513644,1372,43,430130,https://arxiv.org/abs/hep-th/0105097
163,quant-ph/9604023,68.02848557692997,62,0,599207,https://arxiv.org/abs/quant-ph/9604023
563725,hep-th/9607149,31.860058067792266,106,21,20620,https://arxiv.org/abs/hep-th/9607149
393757,hep-ph/9302240,31.25594768603705,160,0,601869,https://arxiv.org/abs/hep-ph/9302240
616279,hep-th/9404151,105.60846405155601,130,2,658293,https://arxiv.org/abs/hep-th/9404151
314497,1412.5567,32.430186070330954,209,4,697359,https://arxiv.org/abs/1412.5567
362095,cond-mat/0407066,147.71094010522188,586,6,104883,https://arxiv.org/abs/cond-mat/0407066
305653,hep-ex/0304040,36.55533102642537,222,1,364600,https://arxiv.org/abs/hep-ex/0304040
769321,quant-ph/9807006,52.84243301678385,264,10,75061,https://arxiv.org/abs/quant-ph/9807006
106357,alg-geom/9301006,34.94959443665993,8,0,693696,https://arxiv.org/abs/alg-geom/9301006
313669,hep-th/9603150,32.2910827130988,286,19,658293,https://arxiv.org/abs/hep-th/9603150
209107,quant-ph/9607024,61.148953231929355,20,0,336545,https://arxiv.org/abs/quant-ph/9607024
552577,astro-ph/9603033,68.26444619231728,387,4,246082,https://arxiv.org/abs/astro-ph/9603033
974089,gr-qc/9210011,38.92722634852292,383,0,384275,https://arxiv.org/abs/gr-qc/9210011
969631,hep-th/9506112,54.985607795240654,158,17,658293,https://arxiv.org/abs/hep-th/9506112
690535,cond-mat/0403055,34.21842228227887,119,1,471365,https://arxiv.org/abs/cond-mat/0403055
966109,hep-th/9609046,49.08032820477355,34,7,240708,https://arxiv.org/abs/hep-th/9609046
721075,q-alg/9703025,31.596551890203347,26,5,627717,https://arxiv.org/abs/q-alg/9703025
782281,hep-ph/9912223,39.63911070403079,140,21,226963,https://arxiv.org/abs/hep-ph/9912223
849139,1402.1454,37.43238580518938,3,0,377304,https://arxiv.org/abs/1402.1454
980821,1312.6026,31.59870015127554,116,7,843965,https://arxiv.org/abs/1312.6026
336475,hep-th/9804058,43.02842890842496,541,52,218682,https://arxiv.org/abs/hep-th/9804058
602857,hep-th/0001113,40.41593680791323,434,0,345230,https://arxiv.org/abs/hep-th/0001113
512959,hep-th/9708147,37.81665491944993,400,14,679045,https://arxiv.org/abs/hep-th/9708147
205111,hep-ph/0303204,56.90097843092809,620,39,590098,https://arxiv.org/abs/hep-ph/0303204
76099,hep-ph/0603175,125.92547518439396,4021,38,322217,https://arxiv.org/abs/hep-ph/0603175
568243,hep-ph/9409349,60.982966978905274,16,1,660554,https://arxiv.org/abs/hep-ph/9409349
513397,hep-ex/9807003,74.3990483474423,933,2,197069,https://arxiv.org/abs/hep-ex/9807003
183403,astro-ph/0104490,68.46596599050511,271,19,12886,https://arxiv.org/abs/astro-ph/0104490
353233,hep-th/9603109,47.890319865525605,204,20,20620,https://arxiv.org/abs/hep-th/9603109
852499,hep-th/9510173,34.515319408503586,40,5,658293,https://arxiv.org/abs/hep-th/9510173
369001,hep-th/9705221,36.38633005444769,343,30,340618,https://arxiv.org/abs/hep-th/9705221
858073,hep-ph/9907447,34.7138645874169,636,17,345230,https://arxiv.org/abs/hep-ph/9907447
73141,quant-ph/9603024,59.05753456306404,22,4,348415,https://arxiv.org/abs/quant-ph/9603024
193873,hep-th/9601150,40.862687142803594,237,8,75626,https://arxiv.org/abs/hep-th/9601150
762859,astro-ph/0302209,201.28043945402052,2517,16,246082,https://arxiv.org/abs/astro-ph/0302209
354373,hep-ph/9704376,38.78232694182475,159,43,67686,https://arxiv.org/abs/hep-ph/9704376
256009,hep-ph/9803466,122.98205239650899,340,3,677654,https://arxiv.org/abs/hep-ph/9803466
900481,hep-ex/0307018,39.9310766512723,222,0,364600,https://arxiv.org/abs/hep-ex/0307018
112993,hep-th/9602135,87.68822392431517,385,17,95741,https://arxiv.org/abs/hep-th/9602135
788503,hep-th/9904075,30.57083469926504,639,2,246082,https://arxiv.org/abs/hep-th/9904075
566491,math/0608400,40.768484326407226,15,1,817301,https://arxiv.org/abs/math/0608400
209689,nucl-th/9804011,31.917567760727202,13,1,417408,https://arxiv.org/abs/nucl-th/9804011
763801,hep-ph/9802290,39.43975467330494,341,0,590098,https://arxiv.org/abs/hep-ph/9802290
334615,hep-th/9304011,55.06337149481973,448,48,767552,https://arxiv.org/abs/hep-th/9304011
270919,quant-ph/9603031,44.235161410400806,15,7,348415,https://arxiv.org/abs/quant-ph/9603031
836203,quant-ph/9604034,101.53332398995673,106,5,348415,https://arxiv.org/abs/quant-ph/9604034
582769,math/0401221,49.27438947281098,602,7,83055,https://arxiv.org/abs/math/0401221
979375,1505.00387,45.971947747472335,248,7,711101,https://arxiv.org/abs/1505.00387
851797,hep-ph/9612202,34.78475836937171,10,4,271966,https://arxiv.org/abs/hep-ph/9612202
736987,quant-ph/9603015,75.0195316799865,75,3,636025,https://arxiv.org/abs/quant-ph/9603015
954415,hep-ph/9705292,59.048372503343074,179,4,900667,https://arxiv.org/abs/hep-ph/9705292
817255,hep-th/9507050,187.76558067397715,199,16,658293,https://arxiv.org/abs/hep-th/9507050
359161,1301.0330,41.440497856963816,159,20,445526,https://arxiv.org/abs/1301.0330
130645,cond-mat/0107133,48.918881445556615,19,1,614869,https://arxiv.org/abs/cond-mat/0107133
450925,hep-th/9711002,74.61152852783754,227,0,218682,https://arxiv.org/abs/hep-th/9711002
133129,hep-th/9307049,52.13850669579972,142,0,506615,https://arxiv.org/abs/hep-th/9307049
842005,hep-th/9307168,133.4595299293746,94,0,117390,https://arxiv.org/abs/hep-th/9307168
598009,hep-lat/9605038,41.12717110205298,256,1,608993,https://arxiv.org/abs/hep-lat/9605038
658225,quant-ph/0001106,168.1889453843978,561,3,495571,https://arxiv.org/abs/quant-ph/0001106
867427,1502.03044,33.03445919711768,212,14,697359,https://arxiv.org/abs/1502.03044
269905,hep-th/9803015,34.100405577744866,373,13,506615,https://arxiv.org/abs/hep-th/9803015
861535,hep-th/9408074,244.77721270072672,533,2,658293,https://arxiv.org/abs/hep-th/9408074
862591,hep-th/9806087,59.164673503919154,1004,24,830983,https://arxiv.org/abs/hep-th/9806087
17491,quant-ph/9604005,40.61038664141258,73,2,830301,https://arxiv.org/abs/quant-ph/9604005
149797,hep-ph/9705339,30.814333361427636,33,1,197069,https://arxiv.org/abs/hep-ph/9705339
892129,hep-ph/9811353,37.58658261809683,156,6,677654,https://arxiv.org/abs/hep-ph/9811353
767491,hep-ph/9605323,40.849180557815046,923,6,322217,https://arxiv.org/abs/hep-ph/9605323
485995,gr-qc/9501014,30.670887501073658,254,3,298253,https://arxiv.org/abs/gr-qc/9501014
358453,hep-th/9705117,65.97479564513424,237,33,658293,https://arxiv.org/abs/hep-th/9705117
56359,1312.4659,48.50681525083629,16,0,697359,https://arxiv.org/abs/1312.4659
482485,quant-ph/9612028,33.19029451499839,47,7,80157,https://arxiv.org/abs/quant-ph/9612028
86293,hep-th/9305083,33.808964606967564,34,9,259100,https://arxiv.org/abs/hep-th/9305083
148633,hep-lat/9604004,40.64164034556081,257,3,713730,https://arxiv.org/abs/hep-lat/9604004
175051,astro-ph/0002091,32.07240187163907,49,16,109181,https://arxiv.org/abs/astro-ph/0002091
810715,1207.7235,60.53666361685607,4140,73,181332,https://arxiv.org/abs/1207.7235
917287,hep-th/9510225,101.6676044645744,185,8,658293,https://arxiv.org/abs/hep-th/9510225
887899,1203.4416,45.02546075278478,8,0,717471,https://arxiv.org/abs/1203.4416
196135,hep-ph/9805217,35.374410378104706,79,1,677654,https://arxiv.org/abs/hep-ph/9805217
125695,hep-th/9602070,70.4552616400385,480,13,240708,https://arxiv.org/abs/hep-th/9602070
139663,1310.1531,393.40116492964387,186,2,697359,https://arxiv.org/abs/1310.1531
294601,math/0108160,40.811609241241335,198,37,526721,https://arxiv.org/abs/math/0108160
886147,1312.4400,149.96939807307862,424,8,697359,https://arxiv.org/abs/1312.4400
974935,hep-th/9402070,40.63858000316363,24,3,849034,https://arxiv.org/abs/hep-th/9402070
50689,0904.4723,35.0370033416714,25,1,625214,https://arxiv.org/abs/0904.4723
957301,hep-th/9211072,62.25921680906811,61,0,541031,https://arxiv.org/abs/hep-th/9211072
476815,astro-ph/0603753,47.23887441009924,29,22,906678,https://arxiv.org/abs/astro-ph/0603753
411493,1311.2524,169.9215891911034,121,1,697359,https://arxiv.org/abs/1311.2524
703021,astro-ph/0101420,59.414641866342876,85,0,17964,https://arxiv.org/abs/astro-ph/0101420
652747,hep-th/9503124,352.68046573116794,1192,7,658293,https://arxiv.org/abs/hep-th/9503124
175261,hep-th/9605150,41.716343327941274,419,20,658293,https://arxiv.org/abs/hep-th/9605150
332552,astro-ph/0005123,68.48472177657501,311,14,109181,https://arxiv.org/abs/astro-ph/0005123
647762,hep-th/9204099,56.326597777007954,1119,2,644835,https://arxiv.org/abs/hep-th/9204099
684374,1212.0402,76.09247326819907,302,0,684374,https://arxiv.org/abs/1212.0402
29318,cond-mat/0012038,43.375033514122755,27,1,134966,https://arxiv.org/abs/cond-mat/0012038
168266,astro-ph/9708102,31.32396715259738,184,9,932221,https://arxiv.org/abs/astro-ph/9708102
469958,hep-th/9908142,124.59776533259698,2372,79,271284,https://arxiv.org/abs/hep-th/9908142
751040,hep-th/9212072,37.990184785097604,31,0,489802,https://arxiv.org/abs/hep-th/9212072
918926,hep-ph/9609434,34.51708711900417,130,45,713694,https://arxiv.org/abs/hep-ph/9609434
218102,hep-th/0101029,30.749404359303902,334,13,271284,https://arxiv.org/abs/hep-th/0101029
698186,hep-th/9510169,158.9345916513051,433,4,658293,https://arxiv.org/abs/hep-th/9510169
213254,hep-th/9703031,35.90250968496339,102,27,506615,https://arxiv.org/abs/hep-th/9703031
969830,0904.3709,34.53391913495136,6,1,961613,https://arxiv.org/abs/0904.3709
223922,hep-th/9404071,66.31437182859494,220,0,298253,https://arxiv.org/abs/hep-th/9404071
3344,1311.3715,146.28146653547597,29,1,697359,https://arxiv.org/abs/1311.3715
336716,astro-ph/9603070,42.789394697784566,45,0,790197,https://arxiv.org/abs/astro-ph/9603070
540260,hep-th/9708005,61.02755172985721,193,48,218682,https://arxiv.org/abs/hep-th/9708005
367748,hep-th/9511030,115.82013742934181,498,6,658293,https://arxiv.org/abs/hep-th/9511030
969062,0902.1284,168.48477362264597,5,0,225734,https://arxiv.org/abs/0902.1284
352724,hep-th/9602114,48.41082077387239,491,23,48666,https://arxiv.org/abs/hep-th/9602114
850064,astro-ph/9410043,35.04926259826572,81,0,561783,https://arxiv.org/abs/astro-ph/9410043
762698,gr-qc/9710068,44.96344420275083,206,1,762698,https://arxiv.org/abs/gr-qc/9710068
461252,math/0307245,51.181642775815924,294,1,723276,https://arxiv.org/abs/math/0307245
652916,hep-ph/9709356,86.85420321872658,1912,453,181332,https://arxiv.org/abs/hep-ph/9709356
33428,hep-th/9601029,179.84408903933019,1528,21,259100,https://arxiv.org/abs/hep-th/9601029
876836,cond-mat/9805275,59.58421332602762,42,1,122109,https://arxiv.org/abs/cond-mat/9805275
415022,hep-th/9609052,38.077132892438364,146,13,20620,https://arxiv.org/abs/hep-th/9609052
182990,cond-mat/0510613,84.92027010657523,173,1,644835,https://arxiv.org/abs/cond-mat/0510613
648470,hep-ph/9211116,35.38028969322554,4,0,433378,https://arxiv.org/abs/hep-ph/9211116
569624,hep-ph/9609467,32.191731180449395,57,1,196701,https://arxiv.org/abs/hep-ph/9609467
653600,quant-ph/0512258,67.7067574716633,303,10,870468,https://arxiv.org/abs/quant-ph/0512258
805016,hep-th/9308100,104.2086813015629,111,3,158248,https://arxiv.org/abs/hep-th/9308100
460550,hep-th/9504090,327.31495393590114,424,9,658293,https://arxiv.org/abs/hep-th/9504090
111872,1301.3545,43.117699788378395,5,1,20476,https://arxiv.org/abs/1301.3545
214448,math/0211159,285.30709867164353,925,1,723276,https://arxiv.org/abs/math/0211159
151670,hep-th/9510101,39.08486367780493,440,3,717462,https://arxiv.org/abs/hep-th/9510101
622820,hep-th/9602051,81.09404488105343,231,22,20620,https://arxiv.org/abs/hep-th/9602051
16604,1408.5882,32.09189434275592,354,4,843965,https://arxiv.org/abs/1408.5882
729086,astro-ph/0302006,32.1435571934986,118,5,957629,https://arxiv.org/abs/astro-ph/0302006
909362,astro-ph/9803317,34.235128785903775,10,2,12886,https://arxiv.org/abs/astro-ph/9803317
736052,astro-ph/0506044,31.97245425398556,129,14,736052,https://arxiv.org/abs/astro-ph/0506044
65462,physics/9801019,32.007388689024914,163,2,370934,https://arxiv.org/abs/physics/9801019
21956,hep-th/9605234,36.04987266450247,136,0,20620,https://arxiv.org/abs/hep-th/9605234
277250,astro-ph/9708069,30.7029819081927,551,1,246082,https://arxiv.org/abs/astro-ph/9708069
68468,hep-th/9509024,36.42295642976211,12,1,634024,https://arxiv.org/abs/hep-th/9509024
235334,gr-qc/9404039,33.610701299379414,141,8,644835,https://arxiv.org/abs/gr-qc/9404039
421466,1409.4842,322.08406493896996,571,6,697359,https://arxiv.org/abs/1409.4842
170810,astro-ph/0207347,41.642046265238044,802,51,246082,https://arxiv.org/abs/astro-ph/0207347
895436,gr-qc/9503024,32.85105576886678,89,0,272477,https://arxiv.org/abs/gr-qc/9503024
603524,math/9801045,42.906191167084685,99,3,844961,https://arxiv.org/abs/math/9801045
243740,hep-th/9411149,145.12664296610222,974,13,358445,https://arxiv.org/abs/hep-th/9411149
349052,astro-ph/0406133,49.89386866213381,160,10,349052,https://arxiv.org/abs/astro-ph/0406133
384344,quant-ph/9707031,34.38559015331774,25,0,810240,https://arxiv.org/abs/quant-ph/9707031
183140,astro-ph/9609119,31.43926432370106,159,0,767247,https://arxiv.org/abs/astro-ph/9609119
760664,hep-th/9510161,110.71317206341233,212,13,658293,https://arxiv.org/abs/hep-th/9510161
41846,1002.3895,59.402120869375814,223,14,604498,https://arxiv.org/abs/1002.3895
145820,1408.5093,326.01527919453656,1046,2,970136,https://arxiv.org/abs/1408.5093
296330,hep-th/9605184,30.149537418408237,175,21,658293,https://arxiv.org/abs/hep-th/9605184
528956,hep-th/9909134,33.04052723885875,604,32,280399,https://arxiv.org/abs/hep-th/9909134
713786,hep-th/9802109,346.7555509106864,5819,14,218682,https://arxiv.org/abs/hep-th/9802109
691298,hep-th/9505053,59.249967788322515,165,4,658293,https://arxiv.org/abs/hep-th/9505053
621176,hep-ph/9508337,40.334762923893976,14,0,322217,https://arxiv.org/abs/hep-ph/9508337
695630,hep-th/9507158,83.80967095975453,506,17,658293,https://arxiv.org/abs/hep-th/9507158
328310,quant-ph/9608048,42.73083704900646,98,7,599207,https://arxiv.org/abs/quant-ph/9608048
462884,hep-ph/9803418,33.96892021283655,69,1,417408,https://arxiv.org/abs/hep-ph/9803418
258530,hep-lat/9510009,30.9529772737332,5,0,144234,https://arxiv.org/abs/hep-lat/9510009
192998,astro-ph/0403044,35.83384219129423,121,0,947563,https://arxiv.org/abs/astro-ph/0403044
112262,astro-ph/0210473,37.280227205102214,47,18,748379,https://arxiv.org/abs/astro-ph/0210473
252284,1502.01852,56.71641393721836,240,16,697359,https://arxiv.org/abs/1502.01852
716630,hep-th/0510092,84.71643364416062,266,1,644835,https://arxiv.org/abs/hep-th/0510092
44282,astro-ph/9802268,34.72734660093977,70,21,540690,https://arxiv.org/abs/astro-ph/9802268
149528,hep-th/9712251,35.64443867129243,530,6,958114,https://arxiv.org/abs/hep-th/9712251
846758,hep-ex/0406035,34.76512170012863,384,0,197069,https://arxiv.org/abs/hep-ex/0406035
433592,hep-ph/9408305,45.59248478906085,65,1,899698,https://arxiv.org/abs/hep-ph/9408305
591230,1412.3555,67.77896634906828,619,5,843965,https://arxiv.org/abs/1412.3555
861056,hep-ph/9606222,30.802092618038394,214,3,181332,https://arxiv.org/abs/hep-ph/9606222
338858,hep-ph/9712415,33.25203364939857,130,0,590098,https://arxiv.org/abs/hep-ph/9712415
344930,hep-th/9512181,38.68914496546969,71,24,658293,https://arxiv.org/abs/hep-th/9512181
566348,1410.5401,80.58452248164359,436,3,843965,https://arxiv.org/abs/1410.5401
523484,0901.2686,53.644211164905116,261,23,257234,https://arxiv.org/abs/0901.2686
615800,hep-th/9402147,30.183705252877125,78,0,474559,https://arxiv.org/abs/hep-th/9402147
45980,quant-ph/9602019,81.67197010122165,48,3,348415,https://arxiv.org/abs/quant-ph/9602019
825002,cond-mat/0106096,34.23348028879921,89,43,59970,https://arxiv.org/abs/cond-mat/0106096
607022,nucl-th/9506035,38.451973358898925,150,2,562025,https://arxiv.org/abs/nucl-th/9506035
272006,1301.3781,324.23687985403114,1266,0,308481,https://arxiv.org/abs/1301.3781
750650,hep-ph/0001086,64.65035962391319,242,7,672029,https://arxiv.org/abs/hep-ph/0001086
208130,0712.3744,43.24004117399786,4,0,340315,https://arxiv.org/abs/0712.3744
602762,hep-th/9611042,81.83119452815208,313,22,281673,https://arxiv.org/abs/hep-th/9611042
749126,hep-ph/9808444,31.348842456577067,58,4,67094,https://arxiv.org/abs/hep-ph/9808444
506342,quant-ph/9705033,35.101090132419465,34,0,599207,https://arxiv.org/abs/quant-ph/9705033
184184,math/9902090,32.39416460133678,182,1,735289,https://arxiv.org/abs/math/9902090
10376,1103.3419,44.046280681655986,75,3,260168,https://arxiv.org/abs/1103.3419
433532,hep-th/9305185,31.98948979680042,56,9,658293,https://arxiv.org/abs/hep-th/9305185
842486,1309.4168,41.498354963069374,135,1,598747,https://arxiv.org/abs/1309.4168
299942,hep-ph/0011333,103.88815637777978,743,109,67094,https://arxiv.org/abs/hep-ph/0011333
809936,hep-th/9407087,349.8492455079634,1703,7,80094,https://arxiv.org/abs/hep-th/9407087
3428,hep-ex/0005012,76.43360343874056,352,17,322217,https://arxiv.org/abs/hep-ex/0005012
960644,hep-th/9810188,45.30041963959922,632,30,368422,https://arxiv.org/abs/hep-th/9810188
941012,1405.3531,31.789614819695252,147,4,697359,https://arxiv.org/abs/1405.3531
939476,1701.07875,44.098319278332575,600,10,787631,https://arxiv.org/abs/1701.07875
680186,quant-ph/9604006,49.39416416214195,58,6,348415,https://arxiv.org/abs/quant-ph/9604006
938816,hep-th/9304061,36.26253673846041,20,1,541031,https://arxiv.org/abs/hep-th/9304061
857288,astro-ph/9712121,41.20806344272514,10,8,12886,https://arxiv.org/abs/astro-ph/9712121
382592,astro-ph/0603451,49.79333373039622,424,5,906678,https://arxiv.org/abs/astro-ph/0603451
425060,hep-th/9305068,112.65947035588589,49,0,487873,https://arxiv.org/abs/hep-th/9305068
475514,1401.4082,61.781845670540065,222,1,787631,https://arxiv.org/abs/1401.4082
655880,0812.1770,33.67816735302425,66,5,289174,https://arxiv.org/abs/0812.1770
121922,hep-th/9207094,66.58108748984066,444,0,541677,https://arxiv.org/abs/hep-th/9207094
129818,0901.0512,61.36185455808968,785,0,322217,https://arxiv.org/abs/0901.0512
852710,hep-th/9510097,31.91955109415532,93,34,259100,https://arxiv.org/abs/hep-th/9510097
643292,hep-th/9211116,40.430785429068884,45,1,643292,https://arxiv.org/abs/hep-th/9211116
325382,hep-ph/9903282,95.14243888899786,601,41,322217,https://arxiv.org/abs/hep-ph/9903282
504752,hep-th/9206084,31.926006367722472,301,0,951071,https://arxiv.org/abs/hep-th/9206084
521264,hep-ph/9304249,51.42991488433385,57,0,541704,https://arxiv.org/abs/hep-ph/9304249
75122,quant-ph/9601029,142.37502114438098,108,0,348415,https://arxiv.org/abs/quant-ph/9601029
955142,hep-th/9906182,36.71819507468584,331,13,345230,https://arxiv.org/abs/hep-th/9906182
857606,hep-th/9503086,34.85705643885154,153,8,358445,https://arxiv.org/abs/hep-th/9503086
430832,hep-th/9411057,92.40765677007472,283,4,80094,https://arxiv.org/abs/hep-th/9411057
653288,hep-th/9510086,86.63236391233374,236,23,658293,https://arxiv.org/abs/hep-th/9510086
203378,hep-ph/9807348,36.6948656438415,119,17,677654,https://arxiv.org/abs/hep-ph/9807348
83588,hep-th/9411178,73.54968808913296,27,13,658293,https://arxiv.org/abs/hep-th/9411178
501074,0807.4490,33.70231398359035,62,3,283746,https://arxiv.org/abs/0807.4490
897632,hep-ph/9508393,36.670795915593594,19,1,144234,https://arxiv.org/abs/hep-ph/9508393
564206,hep-th/9401070,50.252063919532084,230,2,644835,https://arxiv.org/abs/hep-th/9401070
821252,hep-th/0603057,37.43378103219414,1414,238,246082,https://arxiv.org/abs/hep-th/0603057
143456,astro-ph/0208243,32.309552765698854,150,3,643884,https://arxiv.org/abs/astro-ph/0208243
395522,hep-th/9508072,54.385439708405045,621,4,610437,https://arxiv.org/abs/hep-th/9508072
394514,quant-ph/0101012,54.74123301651275,344,3,416843,https://arxiv.org/abs/quant-ph/0101012
908732,hep-ph/9803315,249.67890386983333,2372,1,513963,https://arxiv.org/abs/hep-ph/9803315
821216,hep-th/9702076,61.9776443982898,234,30,20620,https://arxiv.org/abs/hep-th/9702076
104180,1305.4915,36.33120867725784,77,3,76613,https://arxiv.org/abs/1305.4915
663320,1504.00325,31.06467383546609,162,11,697359,https://arxiv.org/abs/1504.00325
908186,astro-ph/9711311,66.75839387265958,5,0,277250,https://arxiv.org/abs/astro-ph/9711311
543284,astro-ph/0203134,34.259518829065186,62,12,611801,https://arxiv.org/abs/astro-ph/0203134
111050,quant-ph/9511030,46.30893363602072,110,0,640188,https://arxiv.org/abs/quant-ph/9511030
296216,nucl-th/0110037,105.80022549684854,445,10,436635,https://arxiv.org/abs/nucl-th/0110037
154886,quant-ph/9508027,77.83239384787592,298,0,336545,https://arxiv.org/abs/quant-ph/9508027
690608,quant-ph/9707035,30.329846520404672,78,4,640188,https://arxiv.org/abs/quant-ph/9707035
857246,0711.2834,31.276723110465504,69,5,667229,https://arxiv.org/abs/0711.2834
304664,hep-ph/9602208,32.057225745609045,61,5,322217,https://arxiv.org/abs/hep-ph/9602208
46040,hep-th/9604198,43.25671974039798,223,7,658293,https://arxiv.org/abs/hep-th/9604198
82196,astro-ph/9702157,38.80317751123003,91,7,899079,https://arxiv.org/abs/astro-ph/9702157
340899,cond-mat/0010440,47.725199072820125,187,10,257234,https://arxiv.org/abs/cond-mat/0010440
595251,hep-th/9209055,33.04123925597202,96,16,825115,https://arxiv.org/abs/hep-th/9209055
594921,hep-ph/9602375,53.409319372730295,159,1,430471,https://arxiv.org/abs/hep-ph/9602375
939645,astro-ph/9901388,38.526880045498096,162,10,246082,https://arxiv.org/abs/astro-ph/9901388
388677,nucl-th/0104066,36.78736694745521,33,8,107844,https://arxiv.org/abs/nucl-th/0104066
485511,hep-th/9403198,131.9756817924121,118,1,80094,https://arxiv.org/abs/hep-th/9403198
356679,hep-lat/0004010,30.736310876708405,31,0,678650,https://arxiv.org/abs/hep-lat/0004010
383151,1512.00567,41.86903724319217,231,6,697359,https://arxiv.org/abs/1512.00567
390783,quant-ph/9503005,35.78329260135571,2,0,348415,https://arxiv.org/abs/quant-ph/9503005
756573,hep-th/9601152,37.810156270701185,103,15,20620,https://arxiv.org/abs/hep-th/9601152
809643,1412.6980,590.9366354691834,5374,5,711101,https://arxiv.org/abs/1412.6980
970263,hep-ph/0204316,39.67270671995582,136,48,322217,https://arxiv.org/abs/hep-ph/0204316
32175,1102.1523,50.2934105693554,147,0,17408,https://arxiv.org/abs/1102.1523
810489,quant-ph/9704026,32.47697364230518,33,1,599207,https://arxiv.org/abs/quant-ph/9704026
849711,hep-th/9604090,31.515887526863047,193,11,345230,https://arxiv.org/abs/hep-th/9604090
257049,astro-ph/9905320,32.25694561092288,166,13,957629,https://arxiv.org/abs/astro-ph/9905320
426567,hep-th/9710009,44.42926984182682,321,19,281673,https://arxiv.org/abs/hep-th/9710009
736785,astro-ph/0007333,75.77746756618615,228,23,109181,https://arxiv.org/abs/astro-ph/0007333
553539,hep-ph/9505319,35.067516919270965,20,1,957629,https://arxiv.org/abs/hep-ph/9505319
264441,hep-th/9504019,33.696308227563996,77,4,308804,https://arxiv.org/abs/hep-th/9504019
415293,alg-geom/9511007,34.72454728865189,101,1,623177,https://arxiv.org/abs/alg-geom/9511007
197799,hep-th/9603158,31.95084354053898,190,21,713694,https://arxiv.org/abs/hep-th/9603158
210231,hep-th/0005016,56.53228035606425,1223,13,839901,https://arxiv.org/abs/hep-th/0005016
590835,hep-ph/9906426,36.684359614703425,18,0,217372,https://arxiv.org/abs/hep-ph/9906426
50277,hep-ph/9905221,154.06494434706917,3495,21,345230,https://arxiv.org/abs/hep-ph/9905221
760701,hep-ex/0109041,40.383244423315304,15,1,189694,https://arxiv.org/abs/hep-ex/0109041
928065,1209.3114,31.651534712012804,251,0,429924,https://arxiv.org/abs/1209.3114
540261,cond-mat/0308297,31.713138405932188,12,1,911382,https://arxiv.org/abs/cond-mat/0308297
316791,hep-th/9306002,30.878507406442573,249,0,889183,https://arxiv.org/abs/hep-th/9306002
287475,math/9801068,37.41791512731888,109,0,740125,https://arxiv.org/abs/math/9801068
380835,astro-ph/0405087,153.60330065848768,581,0,404085,https://arxiv.org/abs/astro-ph/0405087
711333,hep-th/9802047,31.053348652543008,80,19,506615,https://arxiv.org/abs/hep-th/9802047
703443,hep-th/9703166,40.15759352714663,774,20,471284,https://arxiv.org/abs/hep-th/9703166
680817,hep-ph/0201195,93.30838228565595,2191,53,322217,https://arxiv.org/abs/hep-ph/0201195
827145,astro-ph/0010346,111.37294650864048,182,1,197069,https://arxiv.org/abs/astro-ph/0010346
563187,hep-ex/0701029,34.64447486295306,241,52,197069,https://arxiv.org/abs/hep-ex/0701029
186753,1011.3027,74.01223587592607,404,0,901071,https://arxiv.org/abs/1011.3027
397503,hep-th/9511080,30.32853119456874,192,10,658293,https://arxiv.org/abs/hep-th/9511080
61527,gr-qc/9304006,31.596858579458694,167,0,638241,https://arxiv.org/abs/gr-qc/9304006
118479,quant-ph/9612015,35.90932623331845,17,3,599207,https://arxiv.org/abs/quant-ph/9612015
464427,quant-ph/9603004,43.65121553268787,31,5,599207,https://arxiv.org/abs/quant-ph/9603004
825867,1009.5055,38.4297698906011,161,0,851905,https://arxiv.org/abs/1009.5055
601449,hep-th/9503030,102.36312466190023,344,0,853296,https://arxiv.org/abs/hep-th/9503030
846699,hep-th/9210046,87.24151545524923,275,0,67094,https://arxiv.org/abs/hep-th/9210046
80889,1609.08144,54.07793101789977,553,12,843965,https://arxiv.org/abs/1609.08144
554739,hep-th/9506176,31.840463164888167,29,0,226631,https://arxiv.org/abs/hep-th/9506176
715191,cond-mat/9705075,33.39259502133895,20,1,393761,https://arxiv.org/abs/cond-mat/9705075
480597,hep-th/9505162,67.28262616312202,251,20,658293,https://arxiv.org/abs/hep-th/9505162
503187,hep-ph/0109068,37.32477003608166,185,9,322217,https://arxiv.org/abs/hep-ph/0109068
299073,0706.3360,34.22371689741676,140,37,673895,https://arxiv.org/abs/0706.3360
339027,hep-ph/0106315,56.42205878489331,883,98,672029,https://arxiv.org/abs/hep-ph/0106315
289425,hep-th/9605187,36.91098704530929,414,1,218682,https://arxiv.org/abs/hep-th/9605187
339105,hep-th/9509148,49.574356082453136,72,13,658293,https://arxiv.org/abs/hep-th/9509148
293163,cond-mat/0312490,34.53890513252281,40,1,195149,https://arxiv.org/abs/cond-mat/0312490
225627,1008.2026,43.916438307082494,207,68,192960,https://arxiv.org/abs/1008.2026
788061,hep-ex/0103032,36.124404893330926,226,1,197069,https://arxiv.org/abs/hep-ex/0103032
66345,hep-th/9602045,73.55998130216088,184,171,645203,https://arxiv.org/abs/hep-th/9602045
604011,1308.0850,431.3434921252397,531,1,843965,https://arxiv.org/abs/1308.0850
431211,nucl-ex/0312008,42.26580933731127,163,8,436635,https://arxiv.org/abs/nucl-ex/0312008
874125,hep-th/9905012,36.473467064259324,573,12,345230,https://arxiv.org/abs/hep-th/9905012
805293,1312.6114,120.52145620784177,1180,4,787631,https://arxiv.org/abs/1312.6114
843699,astro-ph/0603450,44.71582893935755,393,4,906678,https://arxiv.org/abs/astro-ph/0603450
117249,hep-th/9507115,30.995198076851423,127,8,658293,https://arxiv.org/abs/hep-th/9507115
618861,0902.1089,32.00225583672228,365,1,260814,https://arxiv.org/abs/0902.1089
118533,hep-th/9603127,54.729704913776494,131,21,658293,https://arxiv.org/abs/hep-th/9603127
61899,nucl-ex/0309004,35.284639865825994,372,1,197069,https://arxiv.org/abs/nucl-ex/0309004
952443,astro-ph/9612006,79.3892171562111,66,1,12886,https://arxiv.org/abs/astro-ph/9612006
653991,astro-ph/0310723,50.452490677926555,846,35,246082,https://arxiv.org/abs/astro-ph/0310723
869931,quant-ph/9811052,45.2531618971925,256,3,817561,https://arxiv.org/abs/quant-ph/9811052
520293,hep-th/9803002,66.88869981570672,1181,14,852004,https://arxiv.org/abs/hep-th/9803002
770667,hep-th/9912072,43.78576788802352,794,17,271284,https://arxiv.org/abs/hep-th/9912072
515379,1502.01589,173.37378133146484,4484,321,126308,https://arxiv.org/abs/1502.01589
669321,1411.1784,54.643788046119646,574,3,787631,https://arxiv.org/abs/1411.1784
242613,0810.0604,37.54420536082541,65,1,66152,https://arxiv.org/abs/0810.0604
109245,1312.6082,41.2677516838594,45,4,697359,https://arxiv.org/abs/1312.6082
367659,hep-th/9309140,83.305443387672,591,13,541677,https://arxiv.org/abs/hep-th/9309140
426309,1801.02634,32.345061099596016,161,4,128255,https://arxiv.org/abs/1801.02634
698703,cond-mat/0012112,42.335418899074135,4,1,614869,https://arxiv.org/abs/cond-mat/0012112
777783,hep-th/9507012,70.54753377383685,171,7,658293,https://arxiv.org/abs/hep-th/9507012
493107,hep-ph/9309335,51.44710329732349,212,2,358445,https://arxiv.org/abs/hep-ph/9309335
813585,quant-ph/0010117,64.96552611364909,179,0,767525,https://arxiv.org/abs/quant-ph/0010117
464007,quant-ph/9512032,164.8321912521001,126,0,348415,https://arxiv.org/abs/quant-ph/9512032
563157,0904.2226,31.931459172305914,28,0,260814,https://arxiv.org/abs/0904.2226
903,hep-ph/0011363,56.03604098810456,899,56,322217,https://arxiv.org/abs/hep-ph/0011363
173301,hep-ex/9907037,34.539800223928275,458,0,197069,https://arxiv.org/abs/hep-ex/9907037
29043,hep-th/9410237,31.07609268372642,132,2,658293,https://arxiv.org/abs/hep-th/9410237
473193,hep-th/9711200,556.2940054324418,9866,70,218682,https://arxiv.org/abs/hep-th/9711200
969177,0709.1163,63.18357415679711,240,25,814923,https://arxiv.org/abs/0709.1163
251169,hep-th/9511222,94.72094285213214,379,10,658293,https://arxiv.org/abs/hep-th/9511222
916491,astro-ph/9907113,40.62519046190947,159,17,197069,https://arxiv.org/abs/astro-ph/9907113
265167,hep-ph/0206293,31.55821212996068,744,43,322217,https://arxiv.org/abs/hep-ph/0206293
406473,hep-th/0104005,32.905481624056925,490,3,181332,https://arxiv.org/abs/hep-th/0104005
365355,q-alg/9607022,52.48282398978321,25,7,272755,https://arxiv.org/abs/q-alg/9607022
105933,hep-th/9711138,86.59917546058342,143,58,506615,https://arxiv.org/abs/hep-th/9711138
125883,1409.1259,45.984929654204755,329,2,843965,https://arxiv.org/abs/1409.1259
450087,nucl-ex/0305022,31.201610700300186,5,10,197069,https://arxiv.org/abs/nucl-ex/0305022
570165,hep-th/9410167,318.29058421788193,922,4,658293,https://arxiv.org/abs/hep-th/9410167
494715,hep-ph/9512328,46.71230322693729,387,1,322217,https://arxiv.org/abs/hep-ph/9512328
19647,quant-ph/9704042,31.63212613159422,26,2,830301,https://arxiv.org/abs/quant-ph/9704042
423051,0907.3666,30.144549564302405,75,13,654480,https://arxiv.org/abs/0907.3666
31065,hep-th/9308141,53.47865812138973,11,1,638241,https://arxiv.org/abs/hep-th/9308141
428847,hep-th/9308150,55.14266488541167,16,1,578076,https://arxiv.org/abs/hep-th/9308150
482451,gr-qc/9305007,38.542854607639974,200,2,158248,https://arxiv.org/abs/gr-qc/9305007
175095,hep-th/9610172,30.458688517175034,109,44,20620,https://arxiv.org/abs/hep-th/9610172
454323,gr-qc/9409013,36.79647395437244,115,0,949133,https://arxiv.org/abs/gr-qc/9409013
446349,hep-th/9704080,62.38389240656668,386,13,281673,https://arxiv.org/abs/hep-th/9704080
637827,hep-th/9604089,46.384624177445296,303,29,844261,https://arxiv.org/abs/hep-th/9604089
94059,hep-th/9511064,46.53136097613378,105,7,259100,https://arxiv.org/abs/hep-th/9511064
665457,hep-th/9304154,55.69999891455469,147,6,658293,https://arxiv.org/abs/hep-th/9304154
26787,0903.3905,30.354863187916333,249,26,843373,https://arxiv.org/abs/0903.3905
869541,astro-ph/0210603,43.04626357182907,1337,44,794674,https://arxiv.org/abs/astro-ph/0210603
734241,hep-th/9512078,62.67908713960398,146,17,658293,https://arxiv.org/abs/hep-th/9512078
471909,hep-ph/9902471,35.55415513100181,42,6,322217,https://arxiv.org/abs/hep-ph/9902471
977787,hep-ph/0306267,41.33770604757578,51,0,329915,https://arxiv.org/abs/hep-ph/0306267
784233,1008.4686,33.731275714577365,147,1,454381,https://arxiv.org/abs/1008.4686
249285,hep-ph/9605288,33.81689550709267,220,5,514618,https://arxiv.org/abs/hep-ph/9605288
555027,hep-ph/9504327,42.258304123005985,81,1,555027,https://arxiv.org/abs/hep-ph/9504327
457515,hep-th/9603161,38.775253396381125,549,27,48666,https://arxiv.org/abs/hep-th/9603161
234063,hep-th/9905111,139.30441593441418,2958,598,218682,https://arxiv.org/abs/hep-th/9905111
684459,0802.1189,42.99090988724714,2310,24,322217,https://arxiv.org/abs/0802.1189
576531,quant-ph/9503007,66.08075718539229,12,0,768431,https://arxiv.org/abs/quant-ph/9503007
917547,1704.04861,31.94702144925454,467,22,711101,https://arxiv.org/abs/1704.04861
698073,hep-th/0301240,50.82504315977005,1960,60,226631,https://arxiv.org/abs/hep-th/0301240
667449,0803.2868,33.04705199585565,89,3,437810,https://arxiv.org/abs/0803.2868
605595,hep-th/9612121,39.648645309798944,292,8,658293,https://arxiv.org/abs/hep-th/9612121
84021,1409.3215,57.36887338122507,109,5,843965,https://arxiv.org/abs/1409.3215
676461,hep-ph/9805471,61.492580009683415,133,19,677654,https://arxiv.org/abs/hep-ph/9805471
273819,math/0110169,34.051937290975864,67,0,543947,https://arxiv.org/abs/math/0110169
313629,alg-geom/9304007,36.76784952792813,28,0,324137,https://arxiv.org/abs/alg-geom/9304007
80211,hep-th/9602115,42.18012938396983,101,3,80211,https://arxiv.org/abs/hep-th/9602115
628125,hep-th/9209116,34.52333776196633,31,1,610437,https://arxiv.org/abs/hep-th/9209116
590169,hep-th/9706192,45.66138120687732,75,33,506615,https://arxiv.org/abs/hep-th/9706192
886143,hep-th/9603167,114.5858961779443,1038,19,340618,https://arxiv.org/abs/hep-th/9603167
34143,hep-th/9905104,36.951261819661596,750,38,93866,https://arxiv.org/abs/hep-th/9905104
245589,astro-ph/0502148,35.6825298999948,22,4,349052,https://arxiv.org/abs/astro-ph/0502148
401445,astro-ph/0301400,30.192182816225166,15,2,99922,https://arxiv.org/abs/astro-ph/0301400
108597,hep-th/9701025,37.27762509594067,272,7,658293,https://arxiv.org/abs/hep-th/9701025
642729,hep-th/9504145,74.59049417225941,226,2,658293,https://arxiv.org/abs/hep-th/9504145
568077,hep-th/9510227,54.23262375999319,252,4,430130,https://arxiv.org/abs/hep-th/9510227
634803,1502.05477,39.94769893310327,77,3,933208,https://arxiv.org/abs/1502.05477
274083,astro-ph/0001391,31.12030412076881,72,1,965040,https://arxiv.org/abs/astro-ph/0001391
433311,hep-th/9605033,32.679050193569445,327,11,658293,https://arxiv.org/abs/hep-th/9605033
412083,hep-th/9412158,42.391310011726425,49,4,80094,https://arxiv.org/abs/hep-th/9412158
11175,math/0610203,35.7561513185218,97,5,11175,https://arxiv.org/abs/math/0610203
702861,hep-th/9205088,41.20324828448792,82,0,735289,https://arxiv.org/abs/hep-th/9205088
427413,hep-ph/9708329,39.55767487668882,53,7,677654,https://arxiv.org/abs/hep-ph/9708329
784533,0803.0547,149.50020046394744,2131,1,246082,https://arxiv.org/abs/0803.0547
123279,1212.5701,430.6771390567946,838,1,44691,https://arxiv.org/abs/1212.5701
808725,1110.3193,76.5010645678576,1109,0,436554,https://arxiv.org/abs/1110.3193
387765,hep-ph/0512044,49.45213016065385,55,15,957629,https://arxiv.org/abs/hep-ph/0512044
744051,0805.1726,41.127559277976886,981,64,454004,https://arxiv.org/abs/0805.1726
27453,astro-ph/0205384,102.88077025235222,126,5,260455,https://arxiv.org/abs/astro-ph/0205384
403869,hep-th/9702015,48.82672130893995,131,13,20620,https://arxiv.org/abs/hep-th/9702015
739167,hep-lat/9610016,33.52008544583767,52,2,713730,https://arxiv.org/abs/hep-lat/9610016
68817,quant-ph/9605011,109.48333118314663,185,6,80157,https://arxiv.org/abs/quant-ph/9605011
853755,hep-ph/9505397,39.38691398794319,26,10,197724,https://arxiv.org/abs/hep-ph/9505397
129231,1106.2090,101.09114146636607,34,1,75994,https://arxiv.org/abs/1106.2090
160059,hep-th/9609026,44.88914901060633,260,12,20620,https://arxiv.org/abs/hep-th/9609026
519525,quant-ph/9906129,40.44454072222565,156,12,80157,https://arxiv.org/abs/quant-ph/9906129
697359,1409.1556,836.8941422866658,4035,16,711101,https://arxiv.org/abs/1409.1556
768921,alg-geom/9507002,32.17475596364217,7,3,529520,https://arxiv.org/abs/alg-geom/9507002
234525,astro-ph/9902239,42.27418599455326,123,4,905700,https://arxiv.org/abs/astro-ph/9902239
477291,astro-ph/9812350,53.89219796593146,145,2,12886,https://arxiv.org/abs/astro-ph/9812350
17679,math/0303109,120.28907425364835,500,1,723276,https://arxiv.org/abs/math/0303109
920272,math-ph/0010025,116.26804490369375,1258,3,52066,https://arxiv.org/abs/math-ph/0010025
16336,0901.0002,52.503256814537686,1909,162,322217,https://arxiv.org/abs/0901.0002
898198,0807.3806,44.626221724085084,26,1,882526,https://arxiv.org/abs/0807.3806
69334,hep-th/9307121,57.4960704331336,21,5,658293,https://arxiv.org/abs/hep-th/9307121
730240,astro-ph/9412087,33.17472818494336,9,1,957629,https://arxiv.org/abs/astro-ph/9412087
127348,1411.4038,72.37419150259235,114,7,697359,https://arxiv.org/abs/1411.4038
38308,hep-th/9601003,53.32495158699268,141,15,658293,https://arxiv.org/abs/hep-th/9601003
181552,quant-ph/9704012,50.820380856790784,64,3,599207,https://arxiv.org/abs/quant-ph/9704012
51118,hep-th/9910053,30.87215585086891,1046,98,80211,https://arxiv.org/abs/hep-th/9910053
517978,hep-th/9601023,37.93896030665621,63,11,218682,https://arxiv.org/abs/hep-th/9601023
226930,1301.4083,56.69277671268184,6,6,697359,https://arxiv.org/abs/1301.4083
507664,hep-ph/9504324,47.18177820883722,120,0,672029,https://arxiv.org/abs/hep-ph/9504324
894994,1409.0473,233.42361681860592,1480,2,843965,https://arxiv.org/abs/1409.0473
97336,0811.2435,34.91401593338218,495,69,487873,https://arxiv.org/abs/0811.2435
419230,hep-ph/9804233,50.35043969442289,171,6,67094,https://arxiv.org/abs/hep-ph/9804233
658402,hep-th/9405117,128.61169192906365,74,0,259100,https://arxiv.org/abs/hep-th/9405117
837286,hep-th/9402002,470.80873287520126,204,9,658293,https://arxiv.org/abs/hep-th/9402002
875536,1112.6209,30.96290388086627,18,1,697359,https://arxiv.org/abs/1112.6209
283876,hep-ph/9803445,34.114023158954566,188,12,322217,https://arxiv.org/abs/hep-ph/9803445
517600,hep-ph/0108264,79.03103536174775,391,9,322217,https://arxiv.org/abs/hep-ph/0108264
535882,alg-geom/9405013,38.04421805734862,10,0,427726,https://arxiv.org/abs/alg-geom/9405013
153556,hep-ex/0109033,34.18018006715431,369,5,583055,https://arxiv.org/abs/hep-ex/0109033
482452,cond-mat/9407022,37.41432406887147,22,0,599207,https://arxiv.org/abs/cond-mat/9407022
799846,quant-ph/9912039,36.28524960218463,73,1,599207,https://arxiv.org/abs/quant-ph/9912039
157090,astro-ph/0210394,34.77925167874231,121,1,815919,https://arxiv.org/abs/astro-ph/0210394
855712,hep-th/9610234,31.925005527558547,360,10,658293,https://arxiv.org/abs/hep-th/9610234
453466,hep-ph/9711395,59.261307246122826,310,3,67094,https://arxiv.org/abs/hep-ph/9711395
530380,astro-ph/0608032,49.12981589911582,158,26,596127,https://arxiv.org/abs/astro-ph/0608032
345466,hep-th/0312171,45.339728046527114,800,30,541704,https://arxiv.org/abs/hep-th/0312171
205732,hep-th/9610155,32.17367274765306,71,14,259100,https://arxiv.org/abs/hep-th/9610155
542572,quant-ph/0011036,34.435616792787755,123,45,599207,https://arxiv.org/abs/quant-ph/0011036
578866,1112.1950,32.81041214515032,131,26,822621,https://arxiv.org/abs/1112.1950
145474,quant-ph/0202162,30.374881280460073,58,15,644835,https://arxiv.org/abs/quant-ph/0202162
710410,astro-ph/9812133,133.72274212237352,2614,11,246082,https://arxiv.org/abs/astro-ph/9812133
653518,hep-ph/9707435,53.78451103250474,444,44,210679,https://arxiv.org/abs/hep-ph/9707435
556966,hep-lat/9603008,41.565557151592465,23,10,254704,https://arxiv.org/abs/hep-lat/9603008
407338,astro-ph/0510256,33.56470086894013,177,1,66152,https://arxiv.org/abs/astro-ph/0510256
953434,hep-th/9506160,100.43664834148373,76,11,658293,https://arxiv.org/abs/hep-th/9506160
795286,gr-qc/9310026,187.14551756766338,1741,1,644835,https://arxiv.org/abs/gr-qc/9310026
465190,math/9712268,48.54103035458507,19,0,586348,https://arxiv.org/abs/math/9712268
462772,astro-ph/0301544,30.35789257816203,102,0,256507,https://arxiv.org/abs/astro-ph/0301544
602668,hep-th/9402125,35.024300376189686,13,0,707647,https://arxiv.org/abs/hep-th/9402125
674422,1508.01991,31.909541013299616,180,0,55323,https://arxiv.org/abs/1508.01991
938668,quant-ph/0602096,38.380124083820775,210,35,591094,https://arxiv.org/abs/quant-ph/0602096
172462,hep-th/9406105,115.51152766298144,53,3,259100,https://arxiv.org/abs/hep-th/9406105
881626,hep-th/9606040,36.92110574948599,347,13,541031,https://arxiv.org/abs/hep-th/9606040
727942,hep-th/0302219,45.26129537305748,841,12,226631,https://arxiv.org/abs/hep-th/0302219
115432,hep-th/9601036,42.568034175518754,155,15,658293,https://arxiv.org/abs/hep-th/9601036
884986,1411.4555,55.78969819329376,130,9,697359,https://arxiv.org/abs/1411.4555
312310,astro-ph/9702100,36.13591048764247,192,7,246082,https://arxiv.org/abs/astro-ph/9702100
166246,1401.0118,40.85572990147623,20,0,908419,https://arxiv.org/abs/1401.0118
572230,hep-th/9802042,69.40977134748533,699,40,506615,https://arxiv.org/abs/hep-th/9802042
801274,1312.6186,33.29688223617826,9,6,697359,https://arxiv.org/abs/1312.6186
917164,hep-th/9408013,62.642242214787125,121,5,358445,https://arxiv.org/abs/hep-th/9408013
272158,1207.7214,61.93197559194965,4201,21,181332,https://arxiv.org/abs/1207.7214
516214,cond-mat/0010379,37.5557000875359,2,1,134966,https://arxiv.org/abs/cond-mat/0010379
145948,hep-ph/9702287,48.05172572145444,137,92,525707,https://arxiv.org/abs/hep-ph/9702287
394450,0707.1889,47.24872667511704,215,32,363873,https://arxiv.org/abs/0707.1889
968128,math/0306378,35.30652130176066,143,10,543947,https://arxiv.org/abs/math/0306378
255424,nucl-th/0008064,31.74830737206829,183,121,562025,https://arxiv.org/abs/nucl-th/0008064
812224,1106.4772,31.7028851305411,171,39,257234,https://arxiv.org/abs/1106.4772
870766,astro-ph/9912422,32.335724856752044,9,0,260455,https://arxiv.org/abs/astro-ph/9912422
209836,astro-ph/0303041,35.72071151172529,450,10,454004,https://arxiv.org/abs/astro-ph/0303041
635536,hep-th/9712239,38.27946115914925,97,8,506615,https://arxiv.org/abs/hep-th/9712239
823708,hep-ph/9606211,46.090828163720374,481,10,226963,https://arxiv.org/abs/hep-ph/9606211
108058,hep-th/9412184,150.78958532337614,359,20,658293,https://arxiv.org/abs/hep-th/9412184
150532,hep-ph/9512336,36.947298575821904,201,3,189694,https://arxiv.org/abs/hep-ph/9512336
128386,1312.6199,93.06537488922321,725,4,778300,https://arxiv.org/abs/1312.6199
159664,astro-ph/0205387,68.19225141235876,157,21,246082,https://arxiv.org/abs/astro-ph/0205387
80140,hep-th/9608024,92.94524083041864,443,48,658293,https://arxiv.org/abs/hep-th/9608024
964204,math/9911159,46.13937605223117,212,0,283046,https://arxiv.org/abs/math/9911159
880450,hep-th/9402044,285.5013758983038,380,0,358445,https://arxiv.org/abs/hep-th/9402044
349918,1312.5402,64.75739012486518,45,0,697359,https://arxiv.org/abs/1312.5402
332740,hep-th/9309152,31.784572266025727,8,1,767552,https://arxiv.org/abs/hep-th/9309152
138484,1511.00561,31.185187977397717,230,13,697359,https://arxiv.org/abs/1511.00561
604570,physics/0703039,46.61789103924453,461,3,322217,https://arxiv.org/abs/physics/0703039
313048,astro-ph/9708203,58.28656985004263,68,11,12886,https://arxiv.org/abs/astro-ph/9708203
278800,hep-ph/9802284,30.680698251911977,20,2,67094,https://arxiv.org/abs/hep-ph/9802284
76138,1410.1090,41.33977749655231,62,3,377304,https://arxiv.org/abs/1410.1090
778588,hep-ex/9805006,78.45654434268945,180,0,741426,https://arxiv.org/abs/hep-ex/9805006
913696,hep-ph/9510396,35.93709275036831,35,1,144234,https://arxiv.org/abs/hep-ph/9510396
493534,1303.5062,47.766506011366076,732,0,436554,https://arxiv.org/abs/1303.5062
394654,1605.02688,87.39018001589442,541,12,697359,https://arxiv.org/abs/1605.02688
806560,hep-ph/9412201,34.32528890995054,81,0,344458,https://arxiv.org/abs/hep-ph/9412201
236896,astro-ph/9805339,66.74215484497117,28,3,12886,https://arxiv.org/abs/astro-ph/9805339
935380,hep-th/9802116,52.942752567667114,94,5,506615,https://arxiv.org/abs/hep-th/9802116
45670,1101.0593,32.45485031261896,741,278,322217,https://arxiv.org/abs/1101.0593
744538,1502.02114,33.05364734240441,1455,223,226631,https://arxiv.org/abs/1502.02114
17704,hep-th/9506052,42.03108109590959,61,0,487873,https://arxiv.org/abs/hep-th/9506052
662404,hep-th/9505105,81.61925900609815,328,27,658293,https://arxiv.org/abs/hep-th/9505105
315940,hep-th/9409021,39.61056614588154,112,11,530247,https://arxiv.org/abs/hep-th/9409021
688696,astro-ph/0501171,36.40601739563231,788,15,246082,https://arxiv.org/abs/astro-ph/0501171
268336,astro-ph/9811011,31.131003661943137,145,123,905700,https://arxiv.org/abs/astro-ph/9811011
155578,hep-ph/9701390,36.35514130365527,428,1,217372,https://arxiv.org/abs/hep-ph/9701390
180508,hep-ex/0603003,39.84103938388935,352,47,946271,https://arxiv.org/abs/hep-ex/0603003
668974,astro-ph/0205385,38.43028723351777,17,4,260455,https://arxiv.org/abs/astro-ph/0205385
294688,1303.5082,36.712674144411956,1278,225,226631,https://arxiv.org/abs/1303.5082
651412,hep-th/9512031,46.10600534526343,233,33,259100,https://arxiv.org/abs/hep-th/9512031
795448,1804.09365,60.2693336395772,484,4,5547,https://arxiv.org/abs/1804.09365
64768,astro-ph/9911177,40.70200779781548,1203,8,417408,https://arxiv.org/abs/astro-ph/9911177
725968,1206.5538,75.8295396715498,63,10,697359,https://arxiv.org/abs/1206.5538
775288,astro-ph/0001318,46.863145617757375,81,44,109181,https://arxiv.org/abs/astro-ph/0001318
565270,hep-ex/0108054,36.980803620698055,20,1,189694,https://arxiv.org/abs/hep-ex/0108054
101440,quant-ph/0310089,47.2277235805146,55,5,501160,https://arxiv.org/abs/quant-ph/0310089
339616,hep-th/9512077,143.3812494189343,702,12,658293,https://arxiv.org/abs/hep-th/9512077
22168,cond-mat/0607531,40.03856062585588,61,10,257234,https://arxiv.org/abs/cond-mat/0607531
207226,1312.6034,52.78261895510369,363,1,697359,https://arxiv.org/abs/1312.6034
417016,hep-ex/0301020,65.50733604771992,212,1,364600,https://arxiv.org/abs/hep-ex/0301020
952696,quant-ph/0501159,33.5828656750257,149,4,657297,https://arxiv.org/abs/quant-ph/0501159
166624,hep-th/0202021,48.25588862614088,1432,36,218682,https://arxiv.org/abs/hep-th/0202021
170470,hep-th/9409089,118.8600087366899,1210,3,644835,https://arxiv.org/abs/hep-th/9409089
447844,cond-mat/9609172,32.56543517993882,7,2,393761,https://arxiv.org/abs/cond-mat/9609172
284560,hep-th/9603081,53.43964785916139,140,25,658293,https://arxiv.org/abs/hep-th/9603081
107392,hep-th/9509066,95.02273371215054,530,39,358445,https://arxiv.org/abs/hep-th/9509066
584320,hep-ph/0010338,59.02611236003938,326,22,226963,https://arxiv.org/abs/hep-ph/0010338
173104,hep-th/9511173,66.26594394220903,98,7,658293,https://arxiv.org/abs/hep-th/9511173
179098,astro-ph/0603859,49.395113929878725,61,14,591130,https://arxiv.org/abs/astro-ph/0603859
713008,1511.07289,33.65361194790418,341,10,697359,https://arxiv.org/abs/1511.07289
258304,astro-ph/0104460,114.39792401517776,500,7,12886,https://arxiv.org/abs/astro-ph/0104460
725464,hep-ph/9507378,37.90907372478885,564,20,713694,https://arxiv.org/abs/hep-ph/9507378
889264,1108.3298,367.0017025328024,1,0,787631,https://arxiv.org/abs/1108.3298
18490,hep-ph/9811448,31.48577200018638,387,21,677654,https://arxiv.org/abs/hep-ph/9811448
956944,hep-th/9610043,245.61281583046835,1797,20,658293,https://arxiv.org/abs/hep-th/9610043
231538,hep-ph/9401258,37.50094572387575,387,0,322217,https://arxiv.org/abs/hep-ph/9401258
474064,hep-th/9509132,74.90638270620543,101,51,658293,https://arxiv.org/abs/hep-th/9509132
535588,0710.3001,32.761228788031765,15,1,535588,https://arxiv.org/abs/0710.3001
738418,gr-qc/9504036,36.40486887101114,71,6,353358,https://arxiv.org/abs/gr-qc/9504036
794416,hep-th/9602136,36.36485183212822,502,24,610437,https://arxiv.org/abs/hep-th/9602136
148930,1001.4538,132.15244725282267,2791,11,246082,https://arxiv.org/abs/1001.4538
188152,hep-th/9309145,373.89192068673646,425,1,259100,https://arxiv.org/abs/hep-th/9309145
685852,hep-ex/0505037,138.84448800843268,212,1,13819,https://arxiv.org/abs/hep-ex/0505037
427552,hep-ph/9608224,34.115386611604606,143,19,713694,https://arxiv.org/abs/hep-ph/9608224
195136,hep-ph/9602280,41.62472897047551,264,37,541704,https://arxiv.org/abs/hep-ph/9602280
651766,hep-th/9510200,52.26329025197064,96,4,658293,https://arxiv.org/abs/hep-th/9510200
20620,hep-th/9703040,61.15050179870648,191,51,20620,https://arxiv.org/abs/hep-th/9703040
142900,hep-th/9403195,60.881082977468395,71,0,5628,https://arxiv.org/abs/hep-th/9403195
64642,hep-th/9209058,33.00874491306194,199,0,825115,https://arxiv.org/abs/hep-th/9209058
76402,astro-ph/0306581,69.13114610763184,285,0,446531,https://arxiv.org/abs/astro-ph/0306581
782386,1303.0733,66.74772684043492,219,11,759495,https://arxiv.org/abs/1303.0733
867046,hep-ph/9608310,34.551656047770976,28,2,590098,https://arxiv.org/abs/hep-ph/9608310
769240,nucl-th/0305084,86.25819283427695,609,25,436635,https://arxiv.org/abs/nucl-th/0305084
470650,hep-th/9609122,30.323651402208668,307,10,48666,https://arxiv.org/abs/hep-th/9609122
230488,1412.6806,53.42385265309784,311,8,697359,https://arxiv.org/abs/1412.6806
227692,astro-ph/0005004,70.28411998875043,208,8,109181,https://arxiv.org/abs/astro-ph/0005004
538372,gr-qc/9310006,244.98635950483998,224,0,158248,https://arxiv.org/abs/gr-qc/9310006
52540,astro-ph/0604069,37.566486875576,572,0,794674,https://arxiv.org/abs/astro-ph/0604069
694204,1106.3708,49.4490725990419,18,0,591139,https://arxiv.org/abs/1106.3708
342604,nucl-th/0002042,38.74463142595954,195,0,436635,https://arxiv.org/abs/nucl-th/0002042
518039,hep-th/9809187,30.991543204319214,373,3,541677,https://arxiv.org/abs/hep-th/9809187
619925,hep-th/9712214,30.491264623373134,202,23,713694,https://arxiv.org/abs/hep-th/9712214
81671,astro-ph/0312347,53.17113298545,196,31,471993,https://arxiv.org/abs/astro-ph/0312347
254837,hep-th/0007191,38.99351804575328,1320,50,302874,https://arxiv.org/abs/hep-th/0007191
93677,hep-th/9611050,393.3448248704955,1056,56,658293,https://arxiv.org/abs/hep-th/9611050
550625,hep-ex/0106019,60.67989387692573,585,5,197069,https://arxiv.org/abs/hep-ex/0106019
788633,hep-th/9112030,103.06541622816606,239,0,340618,https://arxiv.org/abs/hep-th/9112030
235283,nucl-th/9706029,71.03942181966683,312,1,538519,https://arxiv.org/abs/nucl-th/9706029
511277,cond-mat/9710330,56.54000426147178,16,1,161947,https://arxiv.org/abs/cond-mat/9710330
562025,nucl-th/9610052,63.6689636124038,55,7,562025,https://arxiv.org/abs/nucl-th/9610052
555269,astro-ph/0102340,50.43231947861467,208,4,849797,https://arxiv.org/abs/astro-ph/0102340
978737,hep-ph/9512380,47.12872642224584,733,7,527053,https://arxiv.org/abs/hep-ph/9512380
450689,1206.2727,30.511268873467493,108,3,609504,https://arxiv.org/abs/1206.2727
104195,quant-ph/9602016,47.05173119190775,22,9,591094,https://arxiv.org/abs/quant-ph/9602016
684719,astro-ph/9912179,47.85688994473384,148,0,35836,https://arxiv.org/abs/astro-ph/9912179
28487,0905.2979,59.81234331717423,22,1,527017,https://arxiv.org/abs/0905.2979
751835,astro-ph/0301558,59.6013358445945,26,1,260814,https://arxiv.org/abs/astro-ph/0301558
564107,0807.3917,44.905653689792416,22,1,630265,https://arxiv.org/abs/0807.3917
41039,1410.3916,35.76281970317238,202,4,843965,https://arxiv.org/abs/1410.3916
137759,hep-th/9607174,32.458439979108356,47,2,272755,https://arxiv.org/abs/hep-th/9607174
664889,hep-ph/9610451,115.37905735496145,430,21,59764,https://arxiv.org/abs/hep-ph/9610451
311903,1310.8499,30.75790149260895,22,7,908419,https://arxiv.org/abs/1310.8499
768431,quant-ph/9610040,38.97151981919016,17,10,348415,https://arxiv.org/abs/quant-ph/9610040
109181,astro-ph/0005124,34.333718522870065,200,9,109181,https://arxiv.org/abs/astro-ph/0005124
90599,1404.5997,76.50493653803807,99,2,697359,https://arxiv.org/abs/1404.5997
188429,hep-th/9408083,72.82279045877672,71,27,658293,https://arxiv.org/abs/hep-th/9408083
491195,hep-th/9403055,121.87880500453787,251,1,323554,https://arxiv.org/abs/hep-th/9403055
206285,hep-th/9508154,62.54854103099549,181,16,658293,https://arxiv.org/abs/hep-th/9508154
682013,quant-ph/0702225,47.31302585574069,344,623,599207,https://arxiv.org/abs/quant-ph/0702225
245747,1207.0580,1321.2196460568564,711,0,697359,https://arxiv.org/abs/1207.0580
32429,0808.1297,32.51591453063936,429,227,946271,https://arxiv.org/abs/0808.1297
210227,1204.3968,34.32346730445047,4,0,697359,https://arxiv.org/abs/1204.3968
756179,hep-ph/9611465,43.35273522233095,49,10,741426,https://arxiv.org/abs/hep-ph/9611465
561887,hep-th/9510209,179.99104236152684,1078,16,658293,https://arxiv.org/abs/hep-th/9510209
362057,quant-ph/9601020,51.616725562877626,137,0,529224,https://arxiv.org/abs/quant-ph/9601020
85895,math/0101206,37.45125174667235,82,6,543947,https://arxiv.org/abs/math/0101206
417947,hep-th/9209125,86.66513164638897,38,0,658293,https://arxiv.org/abs/hep-th/9209125
335267,q-alg/9507023,31.586133373605865,38,7,353358,https://arxiv.org/abs/q-alg/9507023
81293,1211.5063,118.19983617595881,144,1,843965,https://arxiv.org/abs/1211.5063
839423,1609.03499,39.19270104294736,386,7,787631,https://arxiv.org/abs/1609.03499
578303,1212.5226,51.55006017035727,1588,24,417408,https://arxiv.org/abs/1212.5226
800735,astro-ph/0306438,35.335413790297665,550,26,454004,https://arxiv.org/abs/astro-ph/0306438
197939,quant-ph/9503016,208.07632976257182,124,5,599207,https://arxiv.org/abs/quant-ph/9503016
562811,math/0105202,34.01854061621695,66,8,543947,https://arxiv.org/abs/math/0105202
163529,cond-mat/9901352,57.64805900451079,26,5,563703,https://arxiv.org/abs/cond-mat/9901352
818621,hep-ph/9803277,30.136159300965627,180,2,226963,https://arxiv.org/abs/hep-ph/9803277
122489,quant-ph/9707038,51.82425977449116,77,3,599207,https://arxiv.org/abs/quant-ph/9707038
350351,hep-ph/9408207,55.918741649728055,12,1,660554,https://arxiv.org/abs/hep-ph/9408207
84743,quant-ph/9802025,67.14474830730552,116,0,599207,https://arxiv.org/abs/quant-ph/9802025
383225,hep-th/9803235,41.38923890375933,365,19,345230,https://arxiv.org/abs/hep-th/9803235
199391,1603.04467,103.77608741304539,910,13,697359,https://arxiv.org/abs/1603.04467
47597,quant-ph/9608012,61.77779246961911,92,5,80157,https://arxiv.org/abs/quant-ph/9608012
738701,1512.03012,33.913073683515265,273,0,673482,https://arxiv.org/abs/1512.03012
318287,hep-th/9406058,65.38063058113094,19,0,651546,https://arxiv.org/abs/hep-th/9406058
516419,hep-ph/9403277,39.354338818354144,5,1,751232,https://arxiv.org/abs/hep-ph/9403277
677363,hep-ph/9904404,32.342819443828546,85,1,590098,https://arxiv.org/abs/hep-ph/9904404
737141,hep-ph/9411384,30.391820957266383,54,0,189694,https://arxiv.org/abs/hep-ph/9411384
798371,hep-th/9805114,76.31849127633038,619,6,506615,https://arxiv.org/abs/hep-th/9805114
960245,hep-th/9407031,57.56001515051966,152,7,767552,https://arxiv.org/abs/hep-th/9407031
577499,astro-ph/9607060,34.30438582628794,68,15,226631,https://arxiv.org/abs/astro-ph/9607060
860045,hep-th/9801206,63.831634532339,117,23,506615,https://arxiv.org/abs/hep-th/9801206
717785,1303.5076,208.8673164841711,4068,305,417408,https://arxiv.org/abs/1303.5076
81245,astro-ph/0205388,69.42069070430809,158,5,260455,https://arxiv.org/abs/astro-ph/0205388
396113,cond-mat/0404706,39.46460361635595,36,0,501160,https://arxiv.org/abs/cond-mat/0404706
711215,astro-ph/0105091,66.33781983509844,167,19,12886,https://arxiv.org/abs/astro-ph/0105091
687575,quant-ph/9610011,85.46188534593884,102,7,817561,https://arxiv.org/abs/quant-ph/9610011
664421,hep-th/9305139,140.46471130028638,108,18,658293,https://arxiv.org/abs/hep-th/9305139
425783,1205.1828,42.80091575045669,3,0,697359,https://arxiv.org/abs/1205.1828
682577,hep-ph/9908288,110.6342395726307,723,8,322217,https://arxiv.org/abs/hep-ph/9908288
63629,hep-ph/9510304,30.315079665353164,25,1,637487,https://arxiv.org/abs/hep-ph/9510304
747071,1109.0222,97.22118561391143,43,1,75994,https://arxiv.org/abs/1109.0222
463517,quant-ph/9511026,203.80083363737754,298,1,336545,https://arxiv.org/abs/quant-ph/9511026
543455,0912.0201,98.32173693590471,960,98,429924,https://arxiv.org/abs/0912.0201
711551,hep-ph/0004044,33.65199315357672,251,25,590098,https://arxiv.org/abs/hep-ph/0004044
710651,hep-th/9809147,39.62646579702849,141,23,677654,https://arxiv.org/abs/hep-th/9809147
741671,astro-ph/9807002,38.24549103705542,523,3,246082,https://arxiv.org/abs/astro-ph/9807002
689795,hep-th/9603053,35.74420095749446,201,1,187873,https://arxiv.org/abs/hep-th/9603053
109523,1206.6464,202.96703842242363,9,0,697359,https://arxiv.org/abs/1206.6464
942407,1510.00149,37.610712345461884,425,10,711101,https://arxiv.org/abs/1510.00149
545723,astro-ph/0202488,34.71012055942004,136,0,230713,https://arxiv.org/abs/astro-ph/0202488
718679,astro-ph/0206039,199.34038799264007,89,12,794674,https://arxiv.org/abs/astro-ph/0206039
111911,hep-th/9505186,33.23688106393547,178,0,392045,https://arxiv.org/abs/hep-th/9505186
46253,quant-ph/9705052,102.16168303276277,499,28,817561,https://arxiv.org/abs/quant-ph/9705052
915341,astro-ph/9904398,33.548952138743786,495,60,246082,https://arxiv.org/abs/astro-ph/9904398
196433,1208.3922,32.86208129927834,82,2,884760,https://arxiv.org/abs/1208.3922
28733,nucl-th/0201062,57.772557292093,24,3,197069,https://arxiv.org/abs/nucl-th/0201062
317411,cond-mat/9409111,36.14371412841798,3,0,197939,https://arxiv.org/abs/cond-mat/9409111
434441,hep-th/9703030,35.48851460078213,495,23,658293,https://arxiv.org/abs/hep-th/9703030
274709,hep-th/9303016,41.08617075157759,58,2,340618,https://arxiv.org/abs/hep-th/9303016
686291,quant-ph/0103020,40.86244581430241,39,2,433961,https://arxiv.org/abs/quant-ph/0103020
937271,1410.7455,44.40790932807511,35,3,952228,https://arxiv.org/abs/1410.7455
597737,1507.06228,30.4355746983057,25,16,697359,https://arxiv.org/abs/1507.06228
324923,astro-ph/0301273,31.679891273439065,338,41,246082,https://arxiv.org/abs/astro-ph/0301273
509561,1406.4729,57.564370345637826,33,11,697359,https://arxiv.org/abs/1406.4729
323603,hep-th/9505023,38.45688859945457,49,5,658293,https://arxiv.org/abs/hep-th/9505023
964115,math/9801039,39.28811427210305,93,1,803807,https://arxiv.org/abs/math/9801039
78305,hep-ph/9309261,33.83083522165612,4,1,751232,https://arxiv.org/abs/hep-ph/9309261
635489,astro-ph/0004075,32.09714614833601,573,203,246082,https://arxiv.org/abs/astro-ph/0004075
297071,hep-ph/9602236,30.692505907684158,138,1,217489,https://arxiv.org/abs/hep-ph/9602236
297323,cond-mat/0505308,45.060742620304964,21,0,328354,https://arxiv.org/abs/cond-mat/0505308
287219,astro-ph/9612121,35.847488644048894,35,0,193516,https://arxiv.org/abs/astro-ph/9612121
721631,1301.3584,149.3453149246389,55,3,697359,https://arxiv.org/abs/1301.3584
648947,nucl-ex/0302005,57.998372854764334,13,0,740475,https://arxiv.org/abs/nucl-ex/0302005
802835,hep-ex/0105023,40.887306797369874,163,0,197069,https://arxiv.org/abs/hep-ex/0105023
851051,hep-th/9807080,36.0337364735834,836,21,302874,https://arxiv.org/abs/hep-th/9807080
549407,hep-ph/9302220,31.378920569826256,6,3,901304,https://arxiv.org/abs/hep-ph/9302220
470309,1607.06450,32.6636848648855,364,10,843965,https://arxiv.org/abs/1607.06450
620063,astro-ph/0512349,48.1566338374055,24,1,246082,https://arxiv.org/abs/astro-ph/0512349
490739,hep-th/9802203,40.63787794847063,151,17,506615,https://arxiv.org/abs/hep-th/9802203
314687,0710.3820,46.63600892247428,2004,4,322217,https://arxiv.org/abs/0710.3820
538853,hep-lat/9705042,31.411212329282254,63,1,523159,https://arxiv.org/abs/hep-lat/9705042
16505,astro-ph/9711288,30.695370569707496,137,32,246082,https://arxiv.org/abs/astro-ph/9711288
138755,astro-ph/0205386,66.11228406449227,82,33,260455,https://arxiv.org/abs/astro-ph/0205386
141809,hep-th/9408245,34.03685738238133,1,0,644835,https://arxiv.org/abs/hep-th/9408245
711275,nucl-th/0302077,53.88644601297698,361,27,107844,https://arxiv.org/abs/nucl-th/0302077
393065,hep-th/9410073,64.09717448841948,168,1,506615,https://arxiv.org/abs/hep-th/9410073
254141,quant-ph/9606003,32.48109679290253,10,5,599207,https://arxiv.org/abs/quant-ph/9606003
353813,astro-ph/0104489,67.07890972273128,329,9,12886,https://arxiv.org/abs/astro-ph/0104489
129665,quant-ph/9611025,69.37558621296073,125,4,80157,https://arxiv.org/abs/quant-ph/9611025
598763,quant-ph/9701001,92.86280883738719,192,0,336545,https://arxiv.org/abs/quant-ph/9701001
389279,hep-th/9510229,61.52878618731204,62,13,658293,https://arxiv.org/abs/hep-th/9510229
44423,cond-mat/0403310,39.641118846796175,20,1,501160,https://arxiv.org/abs/cond-mat/0403310
404597,hep-th/9802126,34.43408251943925,73,11,506615,https://arxiv.org/abs/hep-th/9802126
759665,0001.00000,37.91689954422749,167,0,420342,https://arxiv.org/abs/0001.00000
479513,quant-ph/9611023,48.03686131972661,89,0,830301,https://arxiv.org/abs/quant-ph/9611023
301319,math/0612139,45.90485246298836,252,37,96046,https://arxiv.org/abs/math/0612139
336545,quant-ph/9802049,34.58109126464343,137,12,336545,https://arxiv.org/abs/quant-ph/9802049
409691,hep-th/0002222,45.1056516119711,585,57,541677,https://arxiv.org/abs/hep-th/0002222
521735,hep-ph/9603208,59.377772611605984,361,0,885101,https://arxiv.org/abs/hep-ph/9603208
545981,hep-th/9812187,33.775894117924345,165,33,337460,https://arxiv.org/abs/hep-th/9812187
237143,quant-ph/0107017,39.19083558652924,109,5,599207,https://arxiv.org/abs/quant-ph/0107017
786605,hep-ph/0308153,62.6729361794105,312,16,322217,https://arxiv.org/abs/hep-ph/0308153
133079,hep-ph/9606399,58.176444221350046,196,9,322217,https://arxiv.org/abs/hep-ph/9606399
189011,cond-mat/9612010,46.48531678650741,83,3,286222,https://arxiv.org/abs/cond-mat/9612010
553625,1602.07360,30.469828215311512,367,19,711101,https://arxiv.org/abs/1602.07360
69299,astro-ph/0302225,34.35623517971488,560,7,906678,https://arxiv.org/abs/astro-ph/0302225
127997,nucl-th/0304013,54.09185033180712,351,51,436635,https://arxiv.org/abs/nucl-th/0304013
63131,hep-th/0103239,34.64365854205529,667,11,601187,https://arxiv.org/abs/hep-th/0103239
145601,astro-ph/0602413,41.51621949322321,7,0,260814,https://arxiv.org/abs/astro-ph/0602413
320225,cond-mat/0210312,38.96319952628635,142,36,320225,https://arxiv.org/abs/cond-mat/0210312
413993,1403.7837,36.13034932050853,134,4,506884,https://arxiv.org/abs/1403.7837
714875,hep-th/9601057,32.76533741260465,86,21,658293,https://arxiv.org/abs/hep-th/9601057
627599,1406.5726,57.258364243112474,43,5,697359,https://arxiv.org/abs/1406.5726
586259,hep-th/9511194,50.88485052721593,159,1,658293,https://arxiv.org/abs/hep-th/9511194
728051,astro-ph/0302496,45.76642382050924,144,29,109199,https://arxiv.org/abs/astro-ph/0302496
604283,hep-ph/9801271,60.56428625053117,852,13,713694,https://arxiv.org/abs/hep-ph/9801271
578075,hep-th/9702187,36.516119995023125,252,14,658293,https://arxiv.org/abs/hep-th/9702187
330419,hep-th/9510135,300.20675919941976,954,14,658293,https://arxiv.org/abs/hep-th/9510135
558569,gr-qc/0401010,38.50458243603748,35,1,711523,https://arxiv.org/abs/gr-qc/0401010
131837,1808.43658,30.551966391800857,83,0,680579,https://arxiv.org/abs/1808.43658
31247,1410.0759,37.66311979005094,184,6,697359,https://arxiv.org/abs/1410.0759
762293,1412.0623,49.46329455359438,9,1,697359,https://arxiv.org/abs/1412.0623
371327,hep-th/9506077,33.99572939482279,65,35,358445,https://arxiv.org/abs/hep-th/9506077
374525,math/9909027,39.29072915222419,196,5,718144,https://arxiv.org/abs/math/9909027
760235,hep-th/9508156,39.04961409519755,57,3,487873,https://arxiv.org/abs/hep-th/9508156
621083,hep-ph/9711396,73.48614198633842,263,3,67094,https://arxiv.org/abs/hep-ph/9711396
69041,1504.00702,47.721372913214566,86,8,11549,https://arxiv.org/abs/1504.00702
324935,1012.3224,34.7039461277485,161,0,94440,https://arxiv.org/abs/1012.3224
762563,hep-th/9305142,115.24603776313307,36,0,658293,https://arxiv.org/abs/hep-th/9305142
147677,hep-th/9711161,68.59559814727248,98,14,506615,https://arxiv.org/abs/hep-th/9711161
262703,hep-th/9710014,38.39589191279218,118,15,340618,https://arxiv.org/abs/hep-th/9710014
924485,astro-ph/0302207,115.80457272033429,1358,9,246082,https://arxiv.org/abs/astro-ph/0302207
655211,hep-th/9602043,105.15941554112669,486,31,20620,https://arxiv.org/abs/hep-th/9602043
799121,hep-th/9607235,43.42947763615559,309,67,259100,https://arxiv.org/abs/hep-th/9607235
